<annotation>
	<folder>gabungan</folder>
	<filename>153632.jpg</filename>
	<path>D:\Skripsi\dataset-sintetis-awal\gabungan\153632.jpg</path>
	<source>
		<database>Unknown</database>
	</source>
	<size>
		<width>1182</width>
		<height>591</height>
		<depth>3</depth>
	</size>
	<segmented>0</segmented>
	<object>
		<name>1</name>
		<pose>Unspecified</pose>
		<truncated>0</truncated>
		<difficult>0</difficult>
		<bndbox>
			<xmin>240</xmin>
			<ymin>196</ymin>
			<xmax>280</xmax>
			<ymax>296</ymax>
		</bndbox>
	</object>
	<object>
		<name>5</name>
		<pose>Unspecified</pose>
		<truncated>0</truncated>
		<difficult>0</difficult>
		<bndbox>
			<xmin>363</xmin>
			<ymin>195</ymin>
			<xmax>422</xmax>
			<ymax>294</ymax>
		</bndbox>
	</object>
	<object>
		<name>3</name>
		<pose>Unspecified</pose>
		<truncated>0</truncated>
		<difficult>0</difficult>
		<bndbox>
			<xmin>501</xmin>
			<ymin>194</ymin>
			<xmax>547</xmax>
			<ymax>291</ymax>
		</bndbox>
	</object>
	<object>
		<name>6</name>
		<pose>Unspecified</pose>
		<truncated>0</truncated>
		<difficult>0</difficult>
		<bndbox>
			<xmin>631</xmin>
			<ymin>194</ymin>
			<xmax>682</xmax>
			<ymax>293</ymax>
		</bndbox>
	</object>
	<object>
		<name>3</name>
		<pose>Unspecified</pose>
		<truncated>0</truncated>
		<difficult>0</difficult>
		<bndbox>
			<xmin>764</xmin>
			<ymin>195</ymin>
			<xmax>814</xmax>
			<ymax>290</ymax>
		</bndbox>
	</object>
	<object>
		<name>2</name>
		<pose>Unspecified</pose>
		<truncated>0</truncated>
		<difficult>0</difficult>
		<bndbox>
			<xmin>899</xmin>
			<ymin>193</ymin>
			<xmax>947</xmax>
			<ymax>289</ymax>
		</bndbox>
	</object>
</annotation>
