<annotation>
	<folder>gabungan</folder>
	<filename>387.03.jpg</filename>
	<path>D:\Skripsi\dataset-sintetis-awal\gabungan\387.03.jpg</path>
	<source>
		<database>Unknown</database>
	</source>
	<size>
		<width>1182</width>
		<height>591</height>
		<depth>1</depth>
	</size>
	<segmented>0</segmented>
	<object>
		<name>3</name>
		<pose>Unspecified</pose>
		<truncated>0</truncated>
		<difficult>0</difficult>
		<bndbox>
			<xmin>200</xmin>
			<ymin>201</ymin>
			<xmax>321</xmax>
			<ymax>399</ymax>
		</bndbox>
	</object>
	<object>
		<name>8</name>
		<pose>Unspecified</pose>
		<truncated>0</truncated>
		<difficult>0</difficult>
		<bndbox>
			<xmin>333</xmin>
			<ymin>201</ymin>
			<xmax>453</xmax>
			<ymax>400</ymax>
		</bndbox>
	</object>
	<object>
		<name>7</name>
		<pose>Unspecified</pose>
		<truncated>0</truncated>
		<difficult>0</difficult>
		<bndbox>
			<xmin>464</xmin>
			<ymin>201</ymin>
			<xmax>585</xmax>
			<ymax>396</ymax>
		</bndbox>
	</object>
	<object>
		<name>.</name>
		<pose>Unspecified</pose>
		<truncated>0</truncated>
		<difficult>0</difficult>
		<bndbox>
			<xmin>641</xmin>
			<ymin>366</ymin>
			<xmax>675</xmax>
			<ymax>401</ymax>
		</bndbox>
	</object>
	<object>
		<name>0</name>
		<pose>Unspecified</pose>
		<truncated>0</truncated>
		<difficult>0</difficult>
		<bndbox>
			<xmin>728</xmin>
			<ymin>201</ymin>
			<xmax>852</xmax>
			<ymax>397</ymax>
		</bndbox>
	</object>
	<object>
		<name>3</name>
		<pose>Unspecified</pose>
		<truncated>0</truncated>
		<difficult>0</difficult>
		<bndbox>
			<xmin>862</xmin>
			<ymin>200</ymin>
			<xmax>984</xmax>
			<ymax>402</ymax>
		</bndbox>
	</object>
</annotation>
