<annotation>
	<folder>gabungan</folder>
	<filename>46004.jpg</filename>
	<path>D:\Skripsi\dataset-sintetis-awal\gabungan\46004.jpg</path>
	<source>
		<database>Unknown</database>
	</source>
	<size>
		<width>1182</width>
		<height>591</height>
		<depth>1</depth>
	</size>
	<segmented>0</segmented>
	<object>
		<name>4</name>
		<pose>Unspecified</pose>
		<truncated>0</truncated>
		<difficult>0</difficult>
		<bndbox>
			<xmin>301</xmin>
			<ymin>197</ymin>
			<xmax>350</xmax>
			<ymax>294</ymax>
		</bndbox>
	</object>
	<object>
		<name>6</name>
		<pose>Unspecified</pose>
		<truncated>0</truncated>
		<difficult>0</difficult>
		<bndbox>
			<xmin>437</xmin>
			<ymin>195</ymin>
			<xmax>487</xmax>
			<ymax>289</ymax>
		</bndbox>
	</object>
	<object>
		<name>0</name>
		<pose>Unspecified</pose>
		<truncated>0</truncated>
		<difficult>0</difficult>
		<bndbox>
			<xmin>565</xmin>
			<ymin>195</ymin>
			<xmax>615</xmax>
			<ymax>295</ymax>
		</bndbox>
	</object>
	<object>
		<name>0</name>
		<pose>Unspecified</pose>
		<truncated>0</truncated>
		<difficult>0</difficult>
		<bndbox>
			<xmin>700</xmin>
			<ymin>195</ymin>
			<xmax>749</xmax>
			<ymax>288</ymax>
		</bndbox>
	</object>
	<object>
		<name>4</name>
		<pose>Unspecified</pose>
		<truncated>0</truncated>
		<difficult>0</difficult>
		<bndbox>
			<xmin>831</xmin>
			<ymin>197</ymin>
			<xmax>883</xmax>
			<ymax>288</ymax>
		</bndbox>
	</object>
</annotation>
