<annotation>
	<folder>gabungan</folder>
	<filename>485.07.jpg</filename>
	<path>D:\Skripsi\dataset-sintetis-awal\gabungan\485.07.jpg</path>
	<source>
		<database>Unknown</database>
	</source>
	<size>
		<width>1182</width>
		<height>591</height>
		<depth>1</depth>
	</size>
	<segmented>0</segmented>
	<object>
		<name>4</name>
		<pose>Unspecified</pose>
		<truncated>0</truncated>
		<difficult>0</difficult>
		<bndbox>
			<xmin>197</xmin>
			<ymin>199</ymin>
			<xmax>322</xmax>
			<ymax>396</ymax>
		</bndbox>
	</object>
	<object>
		<name>8</name>
		<pose>Unspecified</pose>
		<truncated>0</truncated>
		<difficult>0</difficult>
		<bndbox>
			<xmin>333</xmin>
			<ymin>196</ymin>
			<xmax>450</xmax>
			<ymax>399</ymax>
		</bndbox>
	</object>
	<object>
		<name>5</name>
		<pose>Unspecified</pose>
		<truncated>0</truncated>
		<difficult>0</difficult>
		<bndbox>
			<xmin>464</xmin>
			<ymin>199</ymin>
			<xmax>584</xmax>
			<ymax>403</ymax>
		</bndbox>
	</object>
	<object>
		<name>.</name>
		<pose>Unspecified</pose>
		<truncated>0</truncated>
		<difficult>0</difficult>
		<bndbox>
			<xmin>640</xmin>
			<ymin>368</ymin>
			<xmax>672</xmax>
			<ymax>397</ymax>
		</bndbox>
	</object>
	<object>
		<name>0</name>
		<pose>Unspecified</pose>
		<truncated>0</truncated>
		<difficult>0</difficult>
		<bndbox>
			<xmin>727</xmin>
			<ymin>201</ymin>
			<xmax>852</xmax>
			<ymax>399</ymax>
		</bndbox>
	</object>
	<object>
		<name>7</name>
		<pose>Unspecified</pose>
		<truncated>0</truncated>
		<difficult>0</difficult>
		<bndbox>
			<xmin>865</xmin>
			<ymin>201</ymin>
			<xmax>982</xmax>
			<ymax>395</ymax>
		</bndbox>
	</object>
</annotation>
