<annotation>
	<folder>gabungan</folder>
	<filename>676146.jpg</filename>
	<path>D:\Skripsi\dataset-sintetis-awal\gabungan\676146.jpg</path>
	<source>
		<database>Unknown</database>
	</source>
	<size>
		<width>1182</width>
		<height>591</height>
		<depth>3</depth>
	</size>
	<segmented>0</segmented>
	<object>
		<name>6</name>
		<pose>Unspecified</pose>
		<truncated>0</truncated>
		<difficult>0</difficult>
		<bndbox>
			<xmin>232</xmin>
			<ymin>200</ymin>
			<xmax>287</xmax>
			<ymax>287</ymax>
		</bndbox>
	</object>
	<object>
		<name>7</name>
		<pose>Unspecified</pose>
		<truncated>0</truncated>
		<difficult>0</difficult>
		<bndbox>
			<xmin>366</xmin>
			<ymin>194</ymin>
			<xmax>414</xmax>
			<ymax>287</ymax>
		</bndbox>
	</object>
	<object>
		<name>6</name>
		<pose>Unspecified</pose>
		<truncated>0</truncated>
		<difficult>0</difficult>
		<bndbox>
			<xmin>501</xmin>
			<ymin>196</ymin>
			<xmax>553</xmax>
			<ymax>288</ymax>
		</bndbox>
	</object>
	<object>
		<name>1</name>
		<pose>Unspecified</pose>
		<truncated>0</truncated>
		<difficult>0</difficult>
		<bndbox>
			<xmin>637</xmin>
			<ymin>194</ymin>
			<xmax>682</xmax>
			<ymax>294</ymax>
		</bndbox>
	</object>
	<object>
		<name>4</name>
		<pose>Unspecified</pose>
		<truncated>0</truncated>
		<difficult>0</difficult>
		<bndbox>
			<xmin>766</xmin>
			<ymin>195</ymin>
			<xmax>815</xmax>
			<ymax>288</ymax>
		</bndbox>
	</object>
	<object>
		<name>6</name>
		<pose>Unspecified</pose>
		<truncated>0</truncated>
		<difficult>0</difficult>
		<bndbox>
			<xmin>900</xmin>
			<ymin>194</ymin>
			<xmax>946</xmax>
			<ymax>286</ymax>
		</bndbox>
	</object>
</annotation>
