<annotation>
	<folder>Foto Bersih</folder>
	<filename>118.7.jpg</filename>
	<path>D:\Melika\skripsi\Foto Bersih\118.7.jpg</path>
	<source>
		<database>Unknown</database>
	</source>
	<size>
		<width>834</width>
		<height>372</height>
		<depth>3</depth>
	</size>
	<segmented>0</segmented>
	<object>
		<name>.</name>
		<pose>Unspecified</pose>
		<truncated>0</truncated>
		<difficult>0</difficult>
		<bndbox>
			<xmin>565</xmin>
			<ymin>235</ymin>
			<xmax>613</xmax>
			<ymax>299</ymax>
		</bndbox>
	</object>
	<object>
		<name>1</name>
		<pose>Unspecified</pose>
		<truncated>0</truncated>
		<difficult>0</difficult>
		<bndbox>
			<xmin>19</xmin>
			<ymin>43</ymin>
			<xmax>105</xmax>
			<ymax>369</ymax>
		</bndbox>
	</object>
	<object>
		<name>1</name>
		<pose>Unspecified</pose>
		<truncated>0</truncated>
		<difficult>0</difficult>
		<bndbox>
			<xmin>248</xmin>
			<ymin>43</ymin>
			<xmax>313</xmax>
			<ymax>319</ymax>
		</bndbox>
	</object>
	<object>
		<name>8</name>
		<pose>Unspecified</pose>
		<truncated>0</truncated>
		<difficult>0</difficult>
		<bndbox>
			<xmin>386</xmin>
			<ymin>22</ymin>
			<xmax>551</xmax>
			<ymax>308</ymax>
		</bndbox>
	</object>
	<object>
		<name>7</name>
		<pose>Unspecified</pose>
		<truncated>0</truncated>
		<difficult>0</difficult>
		<bndbox>
			<xmin>644</xmin>
			<ymin>3</ymin>
			<xmax>809</xmax>
			<ymax>276</ymax>
		</bndbox>
	</object>
</annotation>
