<annotation>
	<folder>Foto Bersih</folder>
	<filename>124.5.jpg</filename>
	<path>D:\Melika\skripsi\Foto Bersih\124.5.jpg</path>
	<source>
		<database>Unknown</database>
	</source>
	<size>
		<width>1503</width>
		<height>789</height>
		<depth>3</depth>
	</size>
	<segmented>0</segmented>
	<object>
		<name>.</name>
		<pose>Unspecified</pose>
		<truncated>0</truncated>
		<difficult>0</difficult>
		<bndbox>
			<xmin>1127</xmin>
			<ymin>551</ymin>
			<xmax>1214</xmax>
			<ymax>660</ymax>
		</bndbox>
	</object>
	<object>
		<name>1</name>
		<pose>Unspecified</pose>
		<truncated>0</truncated>
		<difficult>0</difficult>
		<bndbox>
			<xmin>63</xmin>
			<ymin>121</ymin>
			<xmax>235</xmax>
			<ymax>725</ymax>
		</bndbox>
	</object>
	<object>
		<name>2</name>
		<pose>Unspecified</pose>
		<truncated>0</truncated>
		<difficult>0</difficult>
		<bndbox>
			<xmin>379</xmin>
			<ymin>88</ymin>
			<xmax>698</xmax>
			<ymax>720</ymax>
		</bndbox>
	</object>
	<object>
		<name>4</name>
		<pose>Unspecified</pose>
		<truncated>0</truncated>
		<difficult>0</difficult>
		<bndbox>
			<xmin>825</xmin>
			<ymin>86</ymin>
			<xmax>1120</xmax>
			<ymax>636</ymax>
		</bndbox>
	</object>
	<object>
		<name>5</name>
		<pose>Unspecified</pose>
		<truncated>1</truncated>
		<difficult>0</difficult>
		<bndbox>
			<xmin>1247</xmin>
			<ymin>73</ymin>
			<xmax>1503</xmax>
			<ymax>647</ymax>
		</bndbox>
	</object>
</annotation>
