<annotation>
	<folder>Foto Bersih</folder>
	<filename>216.7.jpg</filename>
	<path>D:\Melika\skripsi\Foto Bersih\216.7.jpg</path>
	<source>
		<database>Unknown</database>
	</source>
	<size>
		<width>834</width>
		<height>410</height>
		<depth>3</depth>
	</size>
	<segmented>0</segmented>
	<object>
		<name>.</name>
		<pose>Unspecified</pose>
		<truncated>0</truncated>
		<difficult>0</difficult>
		<bndbox>
			<xmin>565</xmin>
			<ymin>292</ymin>
			<xmax>625</xmax>
			<ymax>355</ymax>
		</bndbox>
	</object>
	<object>
		<name>2</name>
		<pose>Unspecified</pose>
		<truncated>0</truncated>
		<difficult>0</difficult>
		<bndbox>
			<xmin>14</xmin>
			<ymin>66</ymin>
			<xmax>176</xmax>
			<ymax>364</ymax>
		</bndbox>
	</object>
	<object>
		<name>1</name>
		<pose>Unspecified</pose>
		<truncated>0</truncated>
		<difficult>0</difficult>
		<bndbox>
			<xmin>281</xmin>
			<ymin>77</ymin>
			<xmax>367</xmax>
			<ymax>332</ymax>
		</bndbox>
	</object>
	<object>
		<name>6</name>
		<pose>Unspecified</pose>
		<truncated>0</truncated>
		<difficult>0</difficult>
		<bndbox>
			<xmin>411</xmin>
			<ymin>33</ymin>
			<xmax>562</xmax>
			<ymax>350</ymax>
		</bndbox>
	</object>
	<object>
		<name>7</name>
		<pose>Unspecified</pose>
		<truncated>0</truncated>
		<difficult>0</difficult>
		<bndbox>
			<xmin>675</xmin>
			<ymin>22</ymin>
			<xmax>820</xmax>
			<ymax>353</ymax>
		</bndbox>
	</object>
</annotation>
