<annotation>
	<folder>Foto Bersih</folder>
	<filename>220.0.jpg</filename>
	<path>D:\Melika\skripsi\Foto Bersih\220.0.jpg</path>
	<source>
		<database>Unknown</database>
	</source>
	<size>
		<width>1073</width>
		<height>559</height>
		<depth>3</depth>
	</size>
	<segmented>0</segmented>
	<object>
		<name>2</name>
		<pose>Unspecified</pose>
		<truncated>0</truncated>
		<difficult>0</difficult>
		<bndbox>
			<xmin>36</xmin>
			<ymin>92</ymin>
			<xmax>246</xmax>
			<ymax>459</ymax>
		</bndbox>
	</object>
	<object>
		<name>2</name>
		<pose>Unspecified</pose>
		<truncated>0</truncated>
		<difficult>0</difficult>
		<bndbox>
			<xmin>331</xmin>
			<ymin>73</ymin>
			<xmax>526</xmax>
			<ymax>466</ymax>
		</bndbox>
	</object>
	<object>
		<name>0</name>
		<pose>Unspecified</pose>
		<truncated>0</truncated>
		<difficult>0</difficult>
		<bndbox>
			<xmin>603</xmin>
			<ymin>70</ymin>
			<xmax>779</xmax>
			<ymax>436</ymax>
		</bndbox>
	</object>
	<object>
		<name>.</name>
		<pose>Unspecified</pose>
		<truncated>0</truncated>
		<difficult>0</difficult>
		<bndbox>
			<xmin>783</xmin>
			<ymin>351</ymin>
			<xmax>860</xmax>
			<ymax>447</ymax>
		</bndbox>
	</object>
	<object>
		<name>0</name>
		<pose>Unspecified</pose>
		<truncated>0</truncated>
		<difficult>0</difficult>
		<bndbox>
			<xmin>871</xmin>
			<ymin>88</ymin>
			<xmax>1046</xmax>
			<ymax>455</ymax>
		</bndbox>
	</object>
</annotation>
