<annotation>
	<folder>Foto Bersih</folder>
	<filename>2495.96.jpg</filename>
	<path>D:\Melika\skripsi\Foto Bersih\2495.96.jpg</path>
	<source>
		<database>Unknown</database>
	</source>
	<size>
		<width>561</width>
		<height>217</height>
		<depth>3</depth>
	</size>
	<segmented>0</segmented>
	<object>
		<name>.</name>
		<pose>Unspecified</pose>
		<truncated>1</truncated>
		<difficult>0</difficult>
		<bndbox>
			<xmin>354</xmin>
			<ymin>179</ymin>
			<xmax>390</xmax>
			<ymax>217</ymax>
		</bndbox>
	</object>
	<object>
		<name>2</name>
		<pose>Unspecified</pose>
		<truncated>0</truncated>
		<difficult>0</difficult>
		<bndbox>
			<xmin>10</xmin>
			<ymin>5</ymin>
			<xmax>94</xmax>
			<ymax>216</ymax>
		</bndbox>
	</object>
	<object>
		<name>4</name>
		<pose>Unspecified</pose>
		<truncated>0</truncated>
		<difficult>0</difficult>
		<bndbox>
			<xmin>98</xmin>
			<ymin>3</ymin>
			<xmax>175</xmax>
			<ymax>216</ymax>
		</bndbox>
	</object>
	<object>
		<name>9</name>
		<pose>Unspecified</pose>
		<truncated>1</truncated>
		<difficult>0</difficult>
		<bndbox>
			<xmin>194</xmin>
			<ymin>1</ymin>
			<xmax>277</xmax>
			<ymax>217</ymax>
		</bndbox>
	</object>
	<object>
		<name>5</name>
		<pose>Unspecified</pose>
		<truncated>0</truncated>
		<difficult>0</difficult>
		<bndbox>
			<xmin>286</xmin>
			<ymin>5</ymin>
			<xmax>356</xmax>
			<ymax>212</ymax>
		</bndbox>
	</object>
	<object>
		<name>9</name>
		<pose>Unspecified</pose>
		<truncated>1</truncated>
		<difficult>0</difficult>
		<bndbox>
			<xmin>392</xmin>
			<ymin>7</ymin>
			<xmax>467</xmax>
			<ymax>217</ymax>
		</bndbox>
	</object>
	<object>
		<name>6</name>
		<pose>Unspecified</pose>
		<truncated>0</truncated>
		<difficult>0</difficult>
		<bndbox>
			<xmin>470</xmin>
			<ymin>4</ymin>
			<xmax>541</xmax>
			<ymax>208</ymax>
		</bndbox>
	</object>
</annotation>
