<annotation>
	<folder>Foto Bersih</folder>
	<filename>2538.25.jpg</filename>
	<path>D:\Melika\skripsi\Foto Bersih\2538.25.jpg</path>
	<source>
		<database>Unknown</database>
	</source>
	<size>
		<width>1041</width>
		<height>374</height>
		<depth>3</depth>
	</size>
	<segmented>0</segmented>
	<object>
		<name>.</name>
		<pose>Unspecified</pose>
		<truncated>1</truncated>
		<difficult>0</difficult>
		<bndbox>
			<xmin>660</xmin>
			<ymin>313</ymin>
			<xmax>723</xmax>
			<ymax>374</ymax>
		</bndbox>
	</object>
	<object>
		<name>2</name>
		<pose>Unspecified</pose>
		<truncated>1</truncated>
		<difficult>0</difficult>
		<bndbox>
			<xmin>51</xmin>
			<ymin>23</ymin>
			<xmax>199</xmax>
			<ymax>374</ymax>
		</bndbox>
	</object>
	<object>
		<name>5</name>
		<pose>Unspecified</pose>
		<truncated>1</truncated>
		<difficult>0</difficult>
		<bndbox>
			<xmin>200</xmin>
			<ymin>7</ymin>
			<xmax>337</xmax>
			<ymax>374</ymax>
		</bndbox>
	</object>
	<object>
		<name>3</name>
		<pose>Unspecified</pose>
		<truncated>1</truncated>
		<difficult>0</difficult>
		<bndbox>
			<xmin>379</xmin>
			<ymin>10</ymin>
			<xmax>528</xmax>
			<ymax>374</ymax>
		</bndbox>
	</object>
	<object>
		<name>8</name>
		<pose>Unspecified</pose>
		<truncated>1</truncated>
		<difficult>0</difficult>
		<bndbox>
			<xmin>544</xmin>
			<ymin>6</ymin>
			<xmax>675</xmax>
			<ymax>374</ymax>
		</bndbox>
	</object>
	<object>
		<name>2</name>
		<pose>Unspecified</pose>
		<truncated>1</truncated>
		<difficult>0</difficult>
		<bndbox>
			<xmin>733</xmin>
			<ymin>17</ymin>
			<xmax>867</xmax>
			<ymax>374</ymax>
		</bndbox>
	</object>
	<object>
		<name>5</name>
		<pose>Unspecified</pose>
		<truncated>1</truncated>
		<difficult>0</difficult>
		<bndbox>
			<xmin>868</xmin>
			<ymin>11</ymin>
			<xmax>1002</xmax>
			<ymax>374</ymax>
		</bndbox>
	</object>
</annotation>
