<annotation>
	<folder>Foto Bersih</folder>
	<filename>373.0.jpg</filename>
	<path>D:\Melika\skripsi\Foto Bersih\373.0.jpg</path>
	<source>
		<database>Unknown</database>
	</source>
	<size>
		<width>1029</width>
		<height>370</height>
		<depth>3</depth>
	</size>
	<segmented>0</segmented>
	<object>
		<name>.</name>
		<pose>Unspecified</pose>
		<truncated>0</truncated>
		<difficult>0</difficult>
		<bndbox>
			<xmin>726</xmin>
			<ymin>273</ymin>
			<xmax>780</xmax>
			<ymax>335</ymax>
		</bndbox>
	</object>
	<object>
		<name>3</name>
		<pose>Unspecified</pose>
		<truncated>0</truncated>
		<difficult>0</difficult>
		<bndbox>
			<xmin>4</xmin>
			<ymin>25</ymin>
			<xmax>174</xmax>
			<ymax>341</ymax>
		</bndbox>
	</object>
	<object>
		<name>7</name>
		<pose>Unspecified</pose>
		<truncated>0</truncated>
		<difficult>0</difficult>
		<bndbox>
			<xmin>297</xmin>
			<ymin>19</ymin>
			<xmax>470</xmax>
			<ymax>327</ymax>
		</bndbox>
	</object>
	<object>
		<name>3</name>
		<pose>Unspecified</pose>
		<truncated>0</truncated>
		<difficult>0</difficult>
		<bndbox>
			<xmin>550</xmin>
			<ymin>20</ymin>
			<xmax>712</xmax>
			<ymax>351</ymax>
		</bndbox>
	</object>
	<object>
		<name>0</name>
		<pose>Unspecified</pose>
		<truncated>0</truncated>
		<difficult>0</difficult>
		<bndbox>
			<xmin>803</xmin>
			<ymin>12</ymin>
			<xmax>986</xmax>
			<ymax>335</ymax>
		</bndbox>
	</object>
</annotation>
