<annotation>
	<folder>Foto Bersih</folder>
	<filename>41.14.jpg</filename>
	<path>D:\Melika\skripsi\Foto Bersih\41.14.jpg</path>
	<source>
		<database>Unknown</database>
	</source>
	<size>
		<width>214</width>
		<height>102</height>
		<depth>3</depth>
	</size>
	<segmented>0</segmented>
	<object>
		<name>.</name>
		<pose>Unspecified</pose>
		<truncated>0</truncated>
		<difficult>0</difficult>
		<bndbox>
			<xmin>103</xmin>
			<ymin>80</ymin>
			<xmax>118</xmax>
			<ymax>96</ymax>
		</bndbox>
	</object>
	<object>
		<name>4</name>
		<pose>Unspecified</pose>
		<truncated>0</truncated>
		<difficult>0</difficult>
		<bndbox>
			<xmin>9</xmin>
			<ymin>13</ymin>
			<xmax>60</xmax>
			<ymax>97</ymax>
		</bndbox>
	</object>
	<object>
		<name>1</name>
		<pose>Unspecified</pose>
		<truncated>0</truncated>
		<difficult>0</difficult>
		<bndbox>
			<xmin>86</xmin>
			<ymin>8</ymin>
			<xmax>107</xmax>
			<ymax>89</ymax>
		</bndbox>
	</object>
	<object>
		<name>1</name>
		<pose>Unspecified</pose>
		<truncated>0</truncated>
		<difficult>0</difficult>
		<bndbox>
			<xmin>140</xmin>
			<ymin>7</ymin>
			<xmax>159</xmax>
			<ymax>88</ymax>
		</bndbox>
	</object>
	<object>
		<name>4</name>
		<pose>Unspecified</pose>
		<truncated>1</truncated>
		<difficult>0</difficult>
		<bndbox>
			<xmin>164</xmin>
			<ymin>4</ymin>
			<xmax>214</xmax>
			<ymax>90</ymax>
		</bndbox>
	</object>
</annotation>
