<annotation>
	<folder>Foto Bersih</folder>
	<filename>43.32.jpg</filename>
	<path>D:\Melika\skripsi\Foto Bersih\43.32.jpg</path>
	<source>
		<database>Unknown</database>
	</source>
	<size>
		<width>197</width>
		<height>97</height>
		<depth>3</depth>
	</size>
	<segmented>0</segmented>
	<object>
		<name>4</name>
		<pose>Unspecified</pose>
		<truncated>1</truncated>
		<difficult>0</difficult>
		<bndbox>
			<xmin>9</xmin>
			<ymin>17</ymin>
			<xmax>54</xmax>
			<ymax>97</ymax>
		</bndbox>
	</object>
	<object>
		<name>3</name>
		<pose>Unspecified</pose>
		<truncated>1</truncated>
		<difficult>0</difficult>
		<bndbox>
			<xmin>60</xmin>
			<ymin>11</ymin>
			<xmax>97</xmax>
			<ymax>97</ymax>
		</bndbox>
	</object>
	<object>
		<name>3</name>
		<pose>Unspecified</pose>
		<truncated>0</truncated>
		<difficult>0</difficult>
		<bndbox>
			<xmin>104</xmin>
			<ymin>7</ymin>
			<xmax>143</xmax>
			<ymax>92</ymax>
		</bndbox>
	</object>
	<object>
		<name>2</name>
		<pose>Unspecified</pose>
		<truncated>0</truncated>
		<difficult>0</difficult>
		<bndbox>
			<xmin>149</xmin>
			<ymin>2</ymin>
			<xmax>190</xmax>
			<ymax>90</ymax>
		</bndbox>
	</object>
</annotation>
