<annotation>
	<folder>Foto Bersih</folder>
	<filename>49.44.jpg</filename>
	<path>D:\Melika\skripsi\Foto Bersih\49.44.jpg</path>
	<source>
		<database>Unknown</database>
	</source>
	<size>
		<width>1002</width>
		<height>430</height>
		<depth>3</depth>
	</size>
	<segmented>0</segmented>
	<object>
		<name>.</name>
		<pose>Unspecified</pose>
		<truncated>0</truncated>
		<difficult>0</difficult>
		<bndbox>
			<xmin>423</xmin>
			<ymin>350</ymin>
			<xmax>487</xmax>
			<ymax>421</ymax>
		</bndbox>
	</object>
	<object>
		<name>4</name>
		<pose>Unspecified</pose>
		<truncated>0</truncated>
		<difficult>0</difficult>
		<bndbox>
			<xmin>38</xmin>
			<ymin>97</ymin>
			<xmax>192</xmax>
			<ymax>390</ymax>
		</bndbox>
	</object>
	<object>
		<name>9</name>
		<pose>Unspecified</pose>
		<truncated>0</truncated>
		<difficult>0</difficult>
		<bndbox>
			<xmin>246</xmin>
			<ymin>65</ymin>
			<xmax>428</xmax>
			<ymax>416</ymax>
		</bndbox>
	</object>
	<object>
		<name>4</name>
		<pose>Unspecified</pose>
		<truncated>0</truncated>
		<difficult>0</difficult>
		<bndbox>
			<xmin>514</xmin>
			<ymin>63</ymin>
			<xmax>697</xmax>
			<ymax>395</ymax>
		</bndbox>
	</object>
	<object>
		<name>4</name>
		<pose>Unspecified</pose>
		<truncated>0</truncated>
		<difficult>0</difficult>
		<bndbox>
			<xmin>774</xmin>
			<ymin>49</ymin>
			<xmax>987</xmax>
			<ymax>404</ymax>
		</bndbox>
	</object>
</annotation>
