<annotation>
	<folder>Foto Bersih</folder>
	<filename>512.9.jpg</filename>
	<path>D:\Melika\skripsi\Foto Bersih\512.9.jpg</path>
	<source>
		<database>Unknown</database>
	</source>
	<size>
		<width>1102</width>
		<height>477</height>
		<depth>3</depth>
	</size>
	<segmented>0</segmented>
	<object>
		<name>5</name>
		<pose>Unspecified</pose>
		<truncated>0</truncated>
		<difficult>0</difficult>
		<bndbox>
			<xmin>34</xmin>
			<ymin>29</ymin>
			<xmax>229</xmax>
			<ymax>391</ymax>
		</bndbox>
	</object>
	<object>
		<name>1</name>
		<pose>Unspecified</pose>
		<truncated>0</truncated>
		<difficult>0</difficult>
		<bndbox>
			<xmin>438</xmin>
			<ymin>37</ymin>
			<xmax>527</xmax>
			<ymax>405</ymax>
		</bndbox>
	</object>
	<object>
		<name>2</name>
		<pose>Unspecified</pose>
		<truncated>0</truncated>
		<difficult>0</difficult>
		<bndbox>
			<xmin>614</xmin>
			<ymin>45</ymin>
			<xmax>797</xmax>
			<ymax>396</ymax>
		</bndbox>
	</object>
	<object>
		<name>.</name>
		<pose>Unspecified</pose>
		<truncated>0</truncated>
		<difficult>0</difficult>
		<bndbox>
			<xmin>800</xmin>
			<ymin>325</ymin>
			<xmax>867</xmax>
			<ymax>393</ymax>
		</bndbox>
	</object>
	<object>
		<name>9</name>
		<pose>Unspecified</pose>
		<truncated>0</truncated>
		<difficult>0</difficult>
		<bndbox>
			<xmin>885</xmin>
			<ymin>53</ymin>
			<xmax>1071</xmax>
			<ymax>387</ymax>
		</bndbox>
	</object>
</annotation>
