<annotation>
	<folder>Foto Bersih</folder>
	<filename>563.30.jpg</filename>
	<path>D:\Melika\skripsi\Foto Bersih\563.30.jpg</path>
	<source>
		<database>Unknown</database>
	</source>
	<size>
		<width>164</width>
		<height>76</height>
		<depth>3</depth>
	</size>
	<segmented>0</segmented>
	<object>
		<name>.</name>
		<pose>Unspecified</pose>
		<truncated>1</truncated>
		<difficult>0</difficult>
		<bndbox>
			<xmin>95</xmin>
			<ymin>61</ymin>
			<xmax>108</xmax>
			<ymax>76</ymax>
		</bndbox>
	</object>
	<object>
		<name>5</name>
		<pose>Unspecified</pose>
		<truncated>1</truncated>
		<difficult>0</difficult>
		<bndbox>
			<xmin>5</xmin>
			<ymin>3</ymin>
			<xmax>35</xmax>
			<ymax>76</ymax>
		</bndbox>
	</object>
	<object>
		<name>6</name>
		<pose>Unspecified</pose>
		<truncated>1</truncated>
		<difficult>0</difficult>
		<bndbox>
			<xmin>42</xmin>
			<ymin>2</ymin>
			<xmax>72</xmax>
			<ymax>76</ymax>
		</bndbox>
	</object>
	<object>
		<name>3</name>
		<pose>Unspecified</pose>
		<truncated>1</truncated>
		<difficult>0</difficult>
		<bndbox>
			<xmin>74</xmin>
			<ymin>3</ymin>
			<xmax>97</xmax>
			<ymax>76</ymax>
		</bndbox>
	</object>
	<object>
		<name>3</name>
		<pose>Unspecified</pose>
		<truncated>0</truncated>
		<difficult>0</difficult>
		<bndbox>
			<xmin>107</xmin>
			<ymin>2</ymin>
			<xmax>133</xmax>
			<ymax>70</ymax>
		</bndbox>
	</object>
	<object>
		<name>3</name>
		<pose>Unspecified</pose>
		<truncated>0</truncated>
		<difficult>0</difficult>
		<bndbox>
			<xmin>134</xmin>
			<ymin>2</ymin>
			<xmax>158</xmax>
			<ymax>70</ymax>
		</bndbox>
	</object>
</annotation>
