<annotation>
	<folder>Foto Bersih</folder>
	<filename>64.48.jpg</filename>
	<path>D:\Melika\skripsi\Foto Bersih\64.48.jpg</path>
	<source>
		<database>Unknown</database>
	</source>
	<size>
		<width>1127</width>
		<height>443</height>
		<depth>3</depth>
	</size>
	<segmented>0</segmented>
	<object>
		<name>.</name>
		<pose>Unspecified</pose>
		<truncated>0</truncated>
		<difficult>0</difficult>
		<bndbox>
			<xmin>600</xmin>
			<ymin>329</ymin>
			<xmax>663</xmax>
			<ymax>413</ymax>
		</bndbox>
	</object>
	<object>
		<name>6</name>
		<pose>Unspecified</pose>
		<truncated>0</truncated>
		<difficult>0</difficult>
		<bndbox>
			<xmin>42</xmin>
			<ymin>42</ymin>
			<xmax>282</xmax>
			<ymax>412</ymax>
		</bndbox>
	</object>
	<object>
		<name>4</name>
		<pose>Unspecified</pose>
		<truncated>0</truncated>
		<difficult>0</difficult>
		<bndbox>
			<xmin>350</xmin>
			<ymin>24</ymin>
			<xmax>580</xmax>
			<ymax>400</ymax>
		</bndbox>
	</object>
	<object>
		<name>4</name>
		<pose>Unspecified</pose>
		<truncated>0</truncated>
		<difficult>0</difficult>
		<bndbox>
			<xmin>650</xmin>
			<ymin>57</ymin>
			<xmax>863</xmax>
			<ymax>380</ymax>
		</bndbox>
	</object>
	<object>
		<name>8</name>
		<pose>Unspecified</pose>
		<truncated>1</truncated>
		<difficult>0</difficult>
		<bndbox>
			<xmin>921</xmin>
			<ymin>71</ymin>
			<xmax>1127</xmax>
			<ymax>400</ymax>
		</bndbox>
	</object>
</annotation>
