<annotation>
	<folder>Foto Bersih</folder>
	<filename>72.48.jpg</filename>
	<path>D:\Melika\skripsi\Foto Bersih\72.48.jpg</path>
	<source>
		<database>Unknown</database>
	</source>
	<size>
		<width>911</width>
		<height>368</height>
		<depth>3</depth>
	</size>
	<segmented>0</segmented>
	<object>
		<name>.</name>
		<pose>Unspecified</pose>
		<truncated>0</truncated>
		<difficult>0</difficult>
		<bndbox>
			<xmin>405</xmin>
			<ymin>289</ymin>
			<xmax>470</xmax>
			<ymax>343</ymax>
		</bndbox>
	</object>
	<object>
		<name>7</name>
		<pose>Unspecified</pose>
		<truncated>0</truncated>
		<difficult>0</difficult>
		<bndbox>
			<xmin>41</xmin>
			<ymin>65</ymin>
			<xmax>200</xmax>
			<ymax>338</ymax>
		</bndbox>
	</object>
	<object>
		<name>2</name>
		<pose>Unspecified</pose>
		<truncated>0</truncated>
		<difficult>0</difficult>
		<bndbox>
			<xmin>246</xmin>
			<ymin>50</ymin>
			<xmax>401</xmax>
			<ymax>346</ymax>
		</bndbox>
	</object>
	<object>
		<name>4</name>
		<pose>Unspecified</pose>
		<truncated>0</truncated>
		<difficult>0</difficult>
		<bndbox>
			<xmin>463</xmin>
			<ymin>61</ymin>
			<xmax>648</xmax>
			<ymax>328</ymax>
		</bndbox>
	</object>
	<object>
		<name>8</name>
		<pose>Unspecified</pose>
		<truncated>0</truncated>
		<difficult>0</difficult>
		<bndbox>
			<xmin>705</xmin>
			<ymin>33</ymin>
			<xmax>867</xmax>
			<ymax>340</ymax>
		</bndbox>
	</object>
</annotation>
