<annotation>
	<folder>Foto Bersih</folder>
	<filename>785.41.jpg</filename>
	<path>D:\Melika\skripsi\Foto Bersih\785.41.jpg</path>
	<source>
		<database>Unknown</database>
	</source>
	<size>
		<width>465</width>
		<height>238</height>
		<depth>3</depth>
	</size>
	<segmented>0</segmented>
	<object>
		<name>7</name>
		<pose>Unspecified</pose>
		<truncated>1</truncated>
		<difficult>0</difficult>
		<bndbox>
			<xmin>3</xmin>
			<ymin>35</ymin>
			<xmax>84</xmax>
			<ymax>238</ymax>
		</bndbox>
	</object>
	<object>
		<name>8</name>
		<pose>Unspecified</pose>
		<truncated>1</truncated>
		<difficult>0</difficult>
		<bndbox>
			<xmin>98</xmin>
			<ymin>30</ymin>
			<xmax>188</xmax>
			<ymax>238</ymax>
		</bndbox>
	</object>
	<object>
		<name>5</name>
		<pose>Unspecified</pose>
		<truncated>1</truncated>
		<difficult>0</difficult>
		<bndbox>
			<xmin>193</xmin>
			<ymin>28</ymin>
			<xmax>272</xmax>
			<ymax>238</ymax>
		</bndbox>
	</object>
	<object>
		<name>.</name>
		<pose>Unspecified</pose>
		<truncated>1</truncated>
		<difficult>0</difficult>
		<bndbox>
			<xmin>270</xmin>
			<ymin>212</ymin>
			<xmax>299</xmax>
			<ymax>238</ymax>
		</bndbox>
	</object>
	<object>
		<name>4</name>
		<pose>Unspecified</pose>
		<truncated>0</truncated>
		<difficult>0</difficult>
		<bndbox>
			<xmin>297</xmin>
			<ymin>27</ymin>
			<xmax>392</xmax>
			<ymax>234</ymax>
		</bndbox>
	</object>
	<object>
		<name>1</name>
		<pose>Unspecified</pose>
		<truncated>1</truncated>
		<difficult>0</difficult>
		<bndbox>
			<xmin>413</xmin>
			<ymin>21</ymin>
			<xmax>463</xmax>
			<ymax>238</ymax>
		</bndbox>
	</object>
</annotation>
