<annotation>
	<folder>jelas</folder>
	<filename>233.7.jpg</filename>
	<path>D:\Skripsi\dataset-utama\listrik digital\after_label\jelas\233.7.jpg</path>
	<source>
		<database>Unknown</database>
	</source>
	<size>
		<width>500</width>
		<height>200</height>
		<depth>1</depth>
	</size>
	<segmented>0</segmented>
	<object>
		<name>2</name>
		<pose>Unspecified</pose>
		<truncated>0</truncated>
		<difficult>0</difficult>
		<bndbox>
			<xmin>16</xmin>
			<ymin>39</ymin>
			<xmax>105</xmax>
			<ymax>173</ymax>
		</bndbox>
	</object>
	<object>
		<name>3</name>
		<pose>Unspecified</pose>
		<truncated>0</truncated>
		<difficult>0</difficult>
		<bndbox>
			<xmin>152</xmin>
			<ymin>38</ymin>
			<xmax>235</xmax>
			<ymax>176</ymax>
		</bndbox>
	</object>
	<object>
		<name>3</name>
		<pose>Unspecified</pose>
		<truncated>0</truncated>
		<difficult>0</difficult>
		<bndbox>
			<xmin>274</xmin>
			<ymin>40</ymin>
			<xmax>354</xmax>
			<ymax>177</ymax>
		</bndbox>
	</object>
	<object>
		<name>7</name>
		<pose>Unspecified</pose>
		<truncated>0</truncated>
		<difficult>0</difficult>
		<bndbox>
			<xmin>404</xmin>
			<ymin>41</ymin>
			<xmax>474</xmax>
			<ymax>162</ymax>
		</bndbox>
	</object>
</annotation>
