<annotation>
	<folder>jelas</folder>
	<filename>9.71.jpg</filename>
	<path>D:\Skripsi\dataset-utama\listrik digital\after_label\jelas\9.71.jpg</path>
	<source>
		<database>Unknown</database>
	</source>
	<size>
		<width>500</width>
		<height>200</height>
		<depth>1</depth>
	</size>
	<segmented>0</segmented>
	<object>
		<name>9</name>
		<pose>Unspecified</pose>
		<truncated>0</truncated>
		<difficult>0</difficult>
		<bndbox>
			<xmin>55</xmin>
			<ymin>23</ymin>
			<xmax>171</xmax>
			<ymax>186</ymax>
		</bndbox>
	</object>
	<object>
		<name>.</name>
		<pose>Unspecified</pose>
		<truncated>0</truncated>
		<difficult>0</difficult>
		<bndbox>
			<xmin>164</xmin>
			<ymin>171</ymin>
			<xmax>196</xmax>
			<ymax>192</ymax>
		</bndbox>
	</object>
	<object>
		<name>7</name>
		<pose>Unspecified</pose>
		<truncated>0</truncated>
		<difficult>0</difficult>
		<bndbox>
			<xmin>215</xmin>
			<ymin>24</ymin>
			<xmax>323</xmax>
			<ymax>186</ymax>
		</bndbox>
	</object>
	<object>
		<name>1</name>
		<pose>Unspecified</pose>
		<truncated>0</truncated>
		<difficult>0</difficult>
		<bndbox>
			<xmin>422</xmin>
			<ymin>38</ymin>
			<xmax>468</xmax>
			<ymax>184</ymax>
		</bndbox>
	</object>
</annotation>
