<annotation>
	<folder>jelas</folder>
	<filename>0.00 (5).jpg</filename>
	<path>D:\Skripsi\dataset-utama\listrik digital\after_label\jelas\0.00 (5).jpg</path>
	<source>
		<database>Unknown</database>
	</source>
	<size>
		<width>500</width>
		<height>200</height>
		<depth>1</depth>
	</size>
	<segmented>0</segmented>
	<object>
		<name>0</name>
		<pose>Unspecified</pose>
		<truncated>1</truncated>
		<difficult>0</difficult>
		<bndbox>
			<xmin>54</xmin>
			<ymin>16</ymin>
			<xmax>189</xmax>
			<ymax>200</ymax>
		</bndbox>
	</object>
	<object>
		<name>.</name>
		<pose>Unspecified</pose>
		<truncated>0</truncated>
		<difficult>0</difficult>
		<bndbox>
			<xmin>178</xmin>
			<ymin>170</ymin>
			<xmax>208</xmax>
			<ymax>198</ymax>
		</bndbox>
	</object>
	<object>
		<name>0</name>
		<pose>Unspecified</pose>
		<truncated>1</truncated>
		<difficult>0</difficult>
		<bndbox>
			<xmin>209</xmin>
			<ymin>14</ymin>
			<xmax>350</xmax>
			<ymax>200</ymax>
		</bndbox>
	</object>
	<object>
		<name>0</name>
		<pose>Unspecified</pose>
		<truncated>1</truncated>
		<difficult>0</difficult>
		<bndbox>
			<xmin>365</xmin>
			<ymin>15</ymin>
			<xmax>499</xmax>
			<ymax>200</ymax>
		</bndbox>
	</object>
</annotation>
