<annotation>
	<folder>train</folder>
	<filename>0.00 (3).jpg</filename>
	<path>D:\Skripsi\dataset-utama\listrik digital\after_label\jelas2\train\0.00 (3).jpg</path>
	<source>
		<database>Unknown</database>
	</source>
	<size>
		<width>500</width>
		<height>200</height>
		<depth>3</depth>
	</size>
	<segmented>0</segmented>
	<object>
		<name>0</name>
		<pose>Unspecified</pose>
		<truncated>0</truncated>
		<difficult>0</difficult>
		<bndbox>
			<xmin>42</xmin>
			<ymin>14</ymin>
			<xmax>167</xmax>
			<ymax>183</ymax>
		</bndbox>
	</object>
	<object>
		<name>.</name>
		<pose>Unspecified</pose>
		<truncated>0</truncated>
		<difficult>0</difficult>
		<bndbox>
			<xmin>163</xmin>
			<ymin>162</ymin>
			<xmax>191</xmax>
			<ymax>184</ymax>
		</bndbox>
	</object>
	<object>
		<name>0</name>
		<pose>Unspecified</pose>
		<truncated>0</truncated>
		<difficult>0</difficult>
		<bndbox>
			<xmin>190</xmin>
			<ymin>8</ymin>
			<xmax>319</xmax>
			<ymax>188</ymax>
		</bndbox>
	</object>
	<object>
		<name>0</name>
		<pose>Unspecified</pose>
		<truncated>0</truncated>
		<difficult>0</difficult>
		<bndbox>
			<xmin>337</xmin>
			<ymin>8</ymin>
			<xmax>469</xmax>
			<ymax>189</ymax>
		</bndbox>
	</object>
</annotation>
