<annotation>
	<folder>jelas</folder>
	<filename>179.1.jpg</filename>
	<path>D:\Skripsi\dataset-utama\listrik digital\after_label\jelas\179.1.jpg</path>
	<source>
		<database>Unknown</database>
	</source>
	<size>
		<width>500</width>
		<height>200</height>
		<depth>1</depth>
	</size>
	<segmented>0</segmented>
	<object>
		<name>1</name>
		<pose>Unspecified</pose>
		<truncated>0</truncated>
		<difficult>0</difficult>
		<bndbox>
			<xmin>47</xmin>
			<ymin>38</ymin>
			<xmax>94</xmax>
			<ymax>185</ymax>
		</bndbox>
	</object>
	<object>
		<name>7</name>
		<pose>Unspecified</pose>
		<truncated>0</truncated>
		<difficult>0</difficult>
		<bndbox>
			<xmin>143</xmin>
			<ymin>38</ymin>
			<xmax>222</xmax>
			<ymax>180</ymax>
		</bndbox>
	</object>
	<object>
		<name>9</name>
		<pose>Unspecified</pose>
		<truncated>0</truncated>
		<difficult>0</difficult>
		<bndbox>
			<xmin>257</xmin>
			<ymin>38</ymin>
			<xmax>351</xmax>
			<ymax>182</ymax>
		</bndbox>
	</object>
	<object>
		<name>.</name>
		<pose>Unspecified</pose>
		<truncated>0</truncated>
		<difficult>0</difficult>
		<bndbox>
			<xmin>357</xmin>
			<ymin>157</ymin>
			<xmax>386</xmax>
			<ymax>184</ymax>
		</bndbox>
	</object>
</annotation>
