<annotation>
	<folder>jelas</folder>
	<filename>2887.jpg</filename>
	<path>D:\Skripsi\dataset-utama\listrik digital\after_label\jelas\2887.jpg</path>
	<source>
		<database>Unknown</database>
	</source>
	<size>
		<width>500</width>
		<height>200</height>
		<depth>1</depth>
	</size>
	<segmented>0</segmented>
	<object>
		<name>2</name>
		<pose>Unspecified</pose>
		<truncated>1</truncated>
		<difficult>0</difficult>
		<bndbox>
			<xmin>32</xmin>
			<ymin>21</ymin>
			<xmax>112</xmax>
			<ymax>200</ymax>
		</bndbox>
	</object>
	<object>
		<name>8</name>
		<pose>Unspecified</pose>
		<truncated>0</truncated>
		<difficult>0</difficult>
		<bndbox>
			<xmin>147</xmin>
			<ymin>21</ymin>
			<xmax>241</xmax>
			<ymax>194</ymax>
		</bndbox>
	</object>
	<object>
		<name>8</name>
		<pose>Unspecified</pose>
		<truncated>0</truncated>
		<difficult>0</difficult>
		<bndbox>
			<xmin>267</xmin>
			<ymin>19</ymin>
			<xmax>366</xmax>
			<ymax>195</ymax>
		</bndbox>
	</object>
	<object>
		<name>7</name>
		<pose>Unspecified</pose>
		<truncated>0</truncated>
		<difficult>0</difficult>
		<bndbox>
			<xmin>399</xmin>
			<ymin>15</ymin>
			<xmax>487</xmax>
			<ymax>190</ymax>
		</bndbox>
	</object>
</annotation>
