<annotation>
	<folder>jelas</folder>
	<filename>2965.jpg</filename>
	<path>D:\Skripsi\dataset-utama\listrik digital\after_label\jelas\2965.jpg</path>
	<source>
		<database>Unknown</database>
	</source>
	<size>
		<width>500</width>
		<height>200</height>
		<depth>1</depth>
	</size>
	<segmented>0</segmented>
	<object>
		<name>2</name>
		<pose>Unspecified</pose>
		<truncated>0</truncated>
		<difficult>0</difficult>
		<bndbox>
			<xmin>42</xmin>
			<ymin>17</ymin>
			<xmax>130</xmax>
			<ymax>194</ymax>
		</bndbox>
	</object>
	<object>
		<name>9</name>
		<pose>Unspecified</pose>
		<truncated>0</truncated>
		<difficult>0</difficult>
		<bndbox>
			<xmin>156</xmin>
			<ymin>20</ymin>
			<xmax>255</xmax>
			<ymax>194</ymax>
		</bndbox>
	</object>
	<object>
		<name>6</name>
		<pose>Unspecified</pose>
		<truncated>0</truncated>
		<difficult>0</difficult>
		<bndbox>
			<xmin>282</xmin>
			<ymin>17</ymin>
			<xmax>379</xmax>
			<ymax>193</ymax>
		</bndbox>
	</object>
	<object>
		<name>5</name>
		<pose>Unspecified</pose>
		<truncated>0</truncated>
		<difficult>0</difficult>
		<bndbox>
			<xmin>398</xmin>
			<ymin>16</ymin>
			<xmax>489</xmax>
			<ymax>197</ymax>
		</bndbox>
	</object>
</annotation>
