<annotation>
	<folder>jelas</folder>
	<filename>3.73.jpg</filename>
	<path>D:\Skripsi\dataset-utama\listrik digital\after_label\jelas\3.73.jpg</path>
	<source>
		<database>Unknown</database>
	</source>
	<size>
		<width>500</width>
		<height>200</height>
		<depth>1</depth>
	</size>
	<segmented>0</segmented>
	<object>
		<name>3</name>
		<pose>Unspecified</pose>
		<truncated>0</truncated>
		<difficult>0</difficult>
		<bndbox>
			<xmin>59</xmin>
			<ymin>13</ymin>
			<xmax>175</xmax>
			<ymax>186</ymax>
		</bndbox>
	</object>
	<object>
		<name>.</name>
		<pose>Unspecified</pose>
		<truncated>0</truncated>
		<difficult>0</difficult>
		<bndbox>
			<xmin>172</xmin>
			<ymin>165</ymin>
			<xmax>205</xmax>
			<ymax>190</ymax>
		</bndbox>
	</object>
	<object>
		<name>7</name>
		<pose>Unspecified</pose>
		<truncated>0</truncated>
		<difficult>0</difficult>
		<bndbox>
			<xmin>216</xmin>
			<ymin>11</ymin>
			<xmax>327</xmax>
			<ymax>184</ymax>
		</bndbox>
	</object>
	<object>
		<name>3</name>
		<pose>Unspecified</pose>
		<truncated>0</truncated>
		<difficult>0</difficult>
		<bndbox>
			<xmin>360</xmin>
			<ymin>9</ymin>
			<xmax>473</xmax>
			<ymax>188</ymax>
		</bndbox>
	</object>
</annotation>
