<annotation>
	<folder>jelas</folder>
	<filename>9.64.jpg</filename>
	<path>D:\Skripsi\dataset-utama\listrik digital\after_label\jelas\9.64.jpg</path>
	<source>
		<database>Unknown</database>
	</source>
	<size>
		<width>500</width>
		<height>200</height>
		<depth>1</depth>
	</size>
	<segmented>0</segmented>
	<object>
		<name>9</name>
		<pose>Unspecified</pose>
		<truncated>0</truncated>
		<difficult>0</difficult>
		<bndbox>
			<xmin>93</xmin>
			<ymin>14</ymin>
			<xmax>194</xmax>
			<ymax>198</ymax>
		</bndbox>
	</object>
	<object>
		<name>.</name>
		<pose>Unspecified</pose>
		<truncated>0</truncated>
		<difficult>0</difficult>
		<bndbox>
			<xmin>187</xmin>
			<ymin>173</ymin>
			<xmax>214</xmax>
			<ymax>198</ymax>
		</bndbox>
	</object>
	<object>
		<name>6</name>
		<pose>Unspecified</pose>
		<truncated>1</truncated>
		<difficult>0</difficult>
		<bndbox>
			<xmin>214</xmin>
			<ymin>14</ymin>
			<xmax>322</xmax>
			<ymax>200</ymax>
		</bndbox>
	</object>
	<object>
		<name>4</name>
		<pose>Unspecified</pose>
		<truncated>1</truncated>
		<difficult>0</difficult>
		<bndbox>
			<xmin>349</xmin>
			<ymin>8</ymin>
			<xmax>455</xmax>
			<ymax>200</ymax>
		</bndbox>
	</object>
</annotation>
