<annotation>
	<folder>Foto Bersih</folder>
	<filename>1.98.jpg</filename>
	<path>D:\Melika\skripsi\Foto Bersih\1.98.jpg</path>
	<source>
		<database>Unknown</database>
	</source>
	<size>
		<width>122</width>
		<height>85</height>
		<depth>3</depth>
	</size>
	<segmented>0</segmented>
	<object>
		<name>1</name>
		<pose>Unspecified</pose>
		<truncated>0</truncated>
		<difficult>0</difficult>
		<bndbox>
			<xmin>11</xmin>
			<ymin>12</ymin>
			<xmax>25</xmax>
			<ymax>74</ymax>
		</bndbox>
	</object>
	<object>
		<name>.</name>
		<pose>Unspecified</pose>
		<truncated>0</truncated>
		<difficult>0</difficult>
		<bndbox>
			<xmin>22</xmin>
			<ymin>69</ymin>
			<xmax>30</xmax>
			<ymax>79</ymax>
		</bndbox>
	</object>
	<object>
		<name>9</name>
		<pose>Unspecified</pose>
		<truncated>0</truncated>
		<difficult>0</difficult>
		<bndbox>
			<xmin>33</xmin>
			<ymin>8</ymin>
			<xmax>67</xmax>
			<ymax>79</ymax>
		</bndbox>
	</object>
	<object>
		<name>8</name>
		<pose>Unspecified</pose>
		<truncated>0</truncated>
		<difficult>0</difficult>
		<bndbox>
			<xmin>74</xmin>
			<ymin>7</ymin>
			<xmax>109</xmax>
			<ymax>82</ymax>
		</bndbox>
	</object>
</annotation>
