<annotation>
	<folder>Foto Bersih</folder>
	<filename>10.82.jpg</filename>
	<path>D:\Melika\skripsi\Foto Bersih\10.82.jpg</path>
	<source>
		<database>Unknown</database>
	</source>
	<size>
		<width>145</width>
		<height>78</height>
		<depth>3</depth>
	</size>
	<segmented>0</segmented>
	<object>
		<name>.</name>
		<pose>Unspecified</pose>
		<truncated>0</truncated>
		<difficult>0</difficult>
		<bndbox>
			<xmin>59</xmin>
			<ymin>66</ymin>
			<xmax>68</xmax>
			<ymax>76</ymax>
		</bndbox>
	</object>
	<object>
		<name>1</name>
		<pose>Unspecified</pose>
		<truncated>0</truncated>
		<difficult>0</difficult>
		<bndbox>
			<xmin>13</xmin>
			<ymin>15</ymin>
			<xmax>27</xmax>
			<ymax>71</ymax>
		</bndbox>
	</object>
	<object>
		<name>0</name>
		<pose>Unspecified</pose>
		<truncated>0</truncated>
		<difficult>0</difficult>
		<bndbox>
			<xmin>30</xmin>
			<ymin>12</ymin>
			<xmax>61</xmax>
			<ymax>75</ymax>
		</bndbox>
	</object>
	<object>
		<name>8</name>
		<pose>Unspecified</pose>
		<truncated>0</truncated>
		<difficult>0</difficult>
		<bndbox>
			<xmin>68</xmin>
			<ymin>11</ymin>
			<xmax>100</xmax>
			<ymax>76</ymax>
		</bndbox>
	</object>
	<object>
		<name>2</name>
		<pose>Unspecified</pose>
		<truncated>0</truncated>
		<difficult>0</difficult>
		<bndbox>
			<xmin>104</xmin>
			<ymin>11</ymin>
			<xmax>138</xmax>
			<ymax>75</ymax>
		</bndbox>
	</object>
</annotation>
