<annotation>
	<folder>Foto Bersih</folder>
	<filename>1546.77.jpg</filename>
	<path>D:\Melika\skripsi\Foto Bersih\1546.77.jpg</path>
	<source>
		<database>Unknown</database>
	</source>
	<size>
		<width>741</width>
		<height>299</height>
		<depth>3</depth>
	</size>
	<segmented>0</segmented>
	<object>
		<name>.</name>
		<pose>Unspecified</pose>
		<truncated>1</truncated>
		<difficult>0</difficult>
		<bndbox>
			<xmin>443</xmin>
			<ymin>253</ymin>
			<xmax>488</xmax>
			<ymax>299</ymax>
		</bndbox>
	</object>
	<object>
		<name>1</name>
		<pose>Unspecified</pose>
		<truncated>0</truncated>
		<difficult>0</difficult>
		<bndbox>
			<xmin>33</xmin>
			<ymin>21</ymin>
			<xmax>80</xmax>
			<ymax>298</ymax>
		</bndbox>
	</object>
	<object>
		<name>5</name>
		<pose>Unspecified</pose>
		<truncated>1</truncated>
		<difficult>0</difficult>
		<bndbox>
			<xmin>81</xmin>
			<ymin>20</ymin>
			<xmax>194</xmax>
			<ymax>299</ymax>
		</bndbox>
	</object>
	<object>
		<name>4</name>
		<pose>Unspecified</pose>
		<truncated>1</truncated>
		<difficult>0</difficult>
		<bndbox>
			<xmin>221</xmin>
			<ymin>15</ymin>
			<xmax>340</xmax>
			<ymax>299</ymax>
		</bndbox>
	</object>
	<object>
		<name>6</name>
		<pose>Unspecified</pose>
		<truncated>1</truncated>
		<difficult>0</difficult>
		<bndbox>
			<xmin>351</xmin>
			<ymin>3</ymin>
			<xmax>448</xmax>
			<ymax>299</ymax>
		</bndbox>
	</object>
	<object>
		<name>7</name>
		<pose>Unspecified</pose>
		<truncated>1</truncated>
		<difficult>0</difficult>
		<bndbox>
			<xmin>508</xmin>
			<ymin>18</ymin>
			<xmax>611</xmax>
			<ymax>299</ymax>
		</bndbox>
	</object>
	<object>
		<name>7</name>
		<pose>Unspecified</pose>
		<truncated>1</truncated>
		<difficult>0</difficult>
		<bndbox>
			<xmin>617</xmin>
			<ymin>20</ymin>
			<xmax>727</xmax>
			<ymax>299</ymax>
		</bndbox>
	</object>
</annotation>
