<annotation>
	<folder>Foto Bersih</folder>
	<filename>195.5.jpg</filename>
	<path>D:\Melika\skripsi\Foto Bersih\195.5.jpg</path>
	<source>
		<database>Unknown</database>
	</source>
	<size>
		<width>987</width>
		<height>535</height>
		<depth>3</depth>
	</size>
	<segmented>0</segmented>
	<object>
		<name>.</name>
		<pose>Unspecified</pose>
		<truncated>0</truncated>
		<difficult>0</difficult>
		<bndbox>
			<xmin>728</xmin>
			<ymin>360</ymin>
			<xmax>782</xmax>
			<ymax>439</ymax>
		</bndbox>
	</object>
	<object>
		<name>1</name>
		<pose>Unspecified</pose>
		<truncated>0</truncated>
		<difficult>0</difficult>
		<bndbox>
			<xmin>14</xmin>
			<ymin>103</ymin>
			<xmax>118</xmax>
			<ymax>421</ymax>
		</bndbox>
	</object>
	<object>
		<name>9</name>
		<pose>Unspecified</pose>
		<truncated>0</truncated>
		<difficult>0</difficult>
		<bndbox>
			<xmin>217</xmin>
			<ymin>62</ymin>
			<xmax>421</xmax>
			<ymax>465</ymax>
		</bndbox>
	</object>
	<object>
		<name>5</name>
		<pose>Unspecified</pose>
		<truncated>0</truncated>
		<difficult>0</difficult>
		<bndbox>
			<xmin>494</xmin>
			<ymin>67</ymin>
			<xmax>703</xmax>
			<ymax>453</ymax>
		</bndbox>
	</object>
	<object>
		<name>5</name>
		<pose>Unspecified</pose>
		<truncated>0</truncated>
		<difficult>0</difficult>
		<bndbox>
			<xmin>778</xmin>
			<ymin>72</ymin>
			<xmax>976</xmax>
			<ymax>432</ymax>
		</bndbox>
	</object>
</annotation>
