<annotation>
	<folder>Foto Bersih</folder>
	<filename>1982.53.jpg</filename>
	<path>D:\Melika\skripsi\Foto Bersih\1982.53.jpg</path>
	<source>
		<database>Unknown</database>
	</source>
	<size>
		<width>1205</width>
		<height>489</height>
		<depth>3</depth>
	</size>
	<segmented>0</segmented>
	<object>
		<name>.</name>
		<pose>Unspecified</pose>
		<truncated>1</truncated>
		<difficult>0</difficult>
		<bndbox>
			<xmin>699</xmin>
			<ymin>407</ymin>
			<xmax>786</xmax>
			<ymax>489</ymax>
		</bndbox>
	</object>
	<object>
		<name>1</name>
		<pose>Unspecified</pose>
		<truncated>0</truncated>
		<difficult>0</difficult>
		<bndbox>
			<xmin>102</xmin>
			<ymin>70</ymin>
			<xmax>165</xmax>
			<ymax>457</ymax>
		</bndbox>
	</object>
	<object>
		<name>9</name>
		<pose>Unspecified</pose>
		<truncated>0</truncated>
		<difficult>0</difficult>
		<bndbox>
			<xmin>173</xmin>
			<ymin>60</ymin>
			<xmax>317</xmax>
			<ymax>467</ymax>
		</bndbox>
	</object>
	<object>
		<name>8</name>
		<pose>Unspecified</pose>
		<truncated>0</truncated>
		<difficult>0</difficult>
		<bndbox>
			<xmin>361</xmin>
			<ymin>31</ymin>
			<xmax>546</xmax>
			<ymax>472</ymax>
		</bndbox>
	</object>
	<object>
		<name>2</name>
		<pose>Unspecified</pose>
		<truncated>0</truncated>
		<difficult>0</difficult>
		<bndbox>
			<xmin>554</xmin>
			<ymin>29</ymin>
			<xmax>724</xmax>
			<ymax>468</ymax>
		</bndbox>
	</object>
	<object>
		<name>5</name>
		<pose>Unspecified</pose>
		<truncated>0</truncated>
		<difficult>0</difficult>
		<bndbox>
			<xmin>780</xmin>
			<ymin>18</ymin>
			<xmax>959</xmax>
			<ymax>485</ymax>
		</bndbox>
	</object>
	<object>
		<name>3</name>
		<pose>Unspecified</pose>
		<truncated>0</truncated>
		<difficult>0</difficult>
		<bndbox>
			<xmin>967</xmin>
			<ymin>27</ymin>
			<xmax>1136</xmax>
			<ymax>463</ymax>
		</bndbox>
	</object>
</annotation>
