<annotation>
	<folder>Foto Bersih</folder>
	<filename>21.95.jpg</filename>
	<path>D:\Melika\skripsi\Foto Bersih\21.95.jpg</path>
	<source>
		<database>Unknown</database>
	</source>
	<size>
		<width>859</width>
		<height>398</height>
		<depth>3</depth>
	</size>
	<segmented>0</segmented>
	<object>
		<name>2</name>
		<pose>Unspecified</pose>
		<truncated>0</truncated>
		<difficult>0</difficult>
		<bndbox>
			<xmin>41</xmin>
			<ymin>11</ymin>
			<xmax>236</xmax>
			<ymax>368</ymax>
		</bndbox>
	</object>
	<object>
		<name>1</name>
		<pose>Unspecified</pose>
		<truncated>0</truncated>
		<difficult>0</difficult>
		<bndbox>
			<xmin>373</xmin>
			<ymin>26</ymin>
			<xmax>431</xmax>
			<ymax>338</ymax>
		</bndbox>
	</object>
	<object>
		<name>.</name>
		<pose>Unspecified</pose>
		<truncated>0</truncated>
		<difficult>0</difficult>
		<bndbox>
			<xmin>416</xmin>
			<ymin>314</ymin>
			<xmax>470</xmax>
			<ymax>367</ymax>
		</bndbox>
	</object>
	<object>
		<name>9</name>
		<pose>Unspecified</pose>
		<truncated>0</truncated>
		<difficult>0</difficult>
		<bndbox>
			<xmin>472</xmin>
			<ymin>16</ymin>
			<xmax>633</xmax>
			<ymax>368</ymax>
		</bndbox>
	</object>
	<object>
		<name>5</name>
		<pose>Unspecified</pose>
		<truncated>0</truncated>
		<difficult>0</difficult>
		<bndbox>
			<xmin>669</xmin>
			<ymin>10</ymin>
			<xmax>842</xmax>
			<ymax>376</ymax>
		</bndbox>
	</object>
</annotation>
