<annotation>
	<folder>Foto Bersih</folder>
	<filename>2543.64.jpg</filename>
	<path>D:\Melika\skripsi\Foto Bersih\2543.64.jpg</path>
	<source>
		<database>Unknown</database>
	</source>
	<size>
		<width>965</width>
		<height>383</height>
		<depth>3</depth>
	</size>
	<segmented>0</segmented>
	<object>
		<name>.</name>
		<pose>Unspecified</pose>
		<truncated>1</truncated>
		<difficult>0</difficult>
		<bndbox>
			<xmin>595</xmin>
			<ymin>337</ymin>
			<xmax>649</xmax>
			<ymax>383</ymax>
		</bndbox>
	</object>
	<object>
		<name>2</name>
		<pose>Unspecified</pose>
		<truncated>1</truncated>
		<difficult>0</difficult>
		<bndbox>
			<xmin>5</xmin>
			<ymin>24</ymin>
			<xmax>155</xmax>
			<ymax>383</ymax>
		</bndbox>
	</object>
	<object>
		<name>5</name>
		<pose>Unspecified</pose>
		<truncated>1</truncated>
		<difficult>0</difficult>
		<bndbox>
			<xmin>151</xmin>
			<ymin>18</ymin>
			<xmax>291</xmax>
			<ymax>383</ymax>
		</bndbox>
	</object>
	<object>
		<name>4</name>
		<pose>Unspecified</pose>
		<truncated>1</truncated>
		<difficult>0</difficult>
		<bndbox>
			<xmin>322</xmin>
			<ymin>17</ymin>
			<xmax>476</xmax>
			<ymax>383</ymax>
		</bndbox>
	</object>
	<object>
		<name>3</name>
		<pose>Unspecified</pose>
		<truncated>0</truncated>
		<difficult>0</difficult>
		<bndbox>
			<xmin>478</xmin>
			<ymin>20</ymin>
			<xmax>605</xmax>
			<ymax>380</ymax>
		</bndbox>
	</object>
	<object>
		<name>6</name>
		<pose>Unspecified</pose>
		<truncated>1</truncated>
		<difficult>0</difficult>
		<bndbox>
			<xmin>650</xmin>
			<ymin>15</ymin>
			<xmax>786</xmax>
			<ymax>383</ymax>
		</bndbox>
	</object>
	<object>
		<name>4</name>
		<pose>Unspecified</pose>
		<truncated>1</truncated>
		<difficult>0</difficult>
		<bndbox>
			<xmin>795</xmin>
			<ymin>13</ymin>
			<xmax>934</xmax>
			<ymax>383</ymax>
		</bndbox>
	</object>
</annotation>
