<annotation>
	<folder>Foto Bersih</folder>
	<filename>27.73.jpg</filename>
	<path>D:\Melika\skripsi\Foto Bersih\27.73.jpg</path>
	<source>
		<database>Unknown</database>
	</source>
	<size>
		<width>556</width>
		<height>239</height>
		<depth>3</depth>
	</size>
	<segmented>0</segmented>
	<object>
		<name>.</name>
		<pose>Unspecified</pose>
		<truncated>0</truncated>
		<difficult>0</difficult>
		<bndbox>
			<xmin>240</xmin>
			<ymin>194</ymin>
			<xmax>276</xmax>
			<ymax>232</ymax>
		</bndbox>
	</object>
	<object>
		<name>2</name>
		<pose>Unspecified</pose>
		<truncated>1</truncated>
		<difficult>0</difficult>
		<bndbox>
			<xmin>16</xmin>
			<ymin>11</ymin>
			<xmax>143</xmax>
			<ymax>239</ymax>
		</bndbox>
	</object>
	<object>
		<name>7</name>
		<pose>Unspecified</pose>
		<truncated>0</truncated>
		<difficult>0</difficult>
		<bndbox>
			<xmin>175</xmin>
			<ymin>4</ymin>
			<xmax>267</xmax>
			<ymax>207</ymax>
		</bndbox>
	</object>
	<object>
		<name>7</name>
		<pose>Unspecified</pose>
		<truncated>0</truncated>
		<difficult>0</difficult>
		<bndbox>
			<xmin>304</xmin>
			<ymin>3</ymin>
			<xmax>396</xmax>
			<ymax>212</ymax>
		</bndbox>
	</object>
	<object>
		<name>3</name>
		<pose>Unspecified</pose>
		<truncated>0</truncated>
		<difficult>0</difficult>
		<bndbox>
			<xmin>417</xmin>
			<ymin>3</ymin>
			<xmax>518</xmax>
			<ymax>230</ymax>
		</bndbox>
	</object>
</annotation>
