<annotation>
	<folder>Foto Bersih</folder>
	<filename>303.68.jpg</filename>
	<path>D:\Melika\skripsi\Foto Bersih\303.68.jpg</path>
	<source>
		<database>Unknown</database>
	</source>
	<size>
		<width>249</width>
		<height>74</height>
		<depth>3</depth>
	</size>
	<segmented>0</segmented>
	<object>
		<name>.</name>
		<pose>Unspecified</pose>
		<truncated>1</truncated>
		<difficult>0</difficult>
		<bndbox>
			<xmin>143</xmin>
			<ymin>56</ymin>
			<xmax>156</xmax>
			<ymax>74</ymax>
		</bndbox>
	</object>
	<object>
		<name>3</name>
		<pose>Unspecified</pose>
		<truncated>1</truncated>
		<difficult>0</difficult>
		<bndbox>
			<xmin>3</xmin>
			<ymin>6</ymin>
			<xmax>40</xmax>
			<ymax>74</ymax>
		</bndbox>
	</object>
	<object>
		<name>0</name>
		<pose>Unspecified</pose>
		<truncated>1</truncated>
		<difficult>0</difficult>
		<bndbox>
			<xmin>51</xmin>
			<ymin>6</ymin>
			<xmax>91</xmax>
			<ymax>74</ymax>
		</bndbox>
	</object>
	<object>
		<name>3</name>
		<pose>Unspecified</pose>
		<truncated>1</truncated>
		<difficult>0</difficult>
		<bndbox>
			<xmin>100</xmin>
			<ymin>6</ymin>
			<xmax>140</xmax>
			<ymax>74</ymax>
		</bndbox>
	</object>
	<object>
		<name>6</name>
		<pose>Unspecified</pose>
		<truncated>0</truncated>
		<difficult>0</difficult>
		<bndbox>
			<xmin>155</xmin>
			<ymin>4</ymin>
			<xmax>196</xmax>
			<ymax>73</ymax>
		</bndbox>
	</object>
	<object>
		<name>8</name>
		<pose>Unspecified</pose>
		<truncated>1</truncated>
		<difficult>0</difficult>
		<bndbox>
			<xmin>208</xmin>
			<ymin>1</ymin>
			<xmax>249</xmax>
			<ymax>74</ymax>
		</bndbox>
	</object>
</annotation>
