<annotation>
	<folder>Foto Bersih</folder>
	<filename>340.8.jpg</filename>
	<path>D:\Melika\skripsi\Foto Bersih\340.8.jpg</path>
	<source>
		<database>Unknown</database>
	</source>
	<size>
		<width>1137</width>
		<height>606</height>
		<depth>3</depth>
	</size>
	<segmented>0</segmented>
	<object>
		<name>.</name>
		<pose>Unspecified</pose>
		<truncated>0</truncated>
		<difficult>0</difficult>
		<bndbox>
			<xmin>806</xmin>
			<ymin>479</ymin>
			<xmax>887</xmax>
			<ymax>586</ymax>
		</bndbox>
	</object>
	<object>
		<name>3</name>
		<pose>Unspecified</pose>
		<truncated>0</truncated>
		<difficult>0</difficult>
		<bndbox>
			<xmin>23</xmin>
			<ymin>14</ymin>
			<xmax>284</xmax>
			<ymax>596</ymax>
		</bndbox>
	</object>
	<object>
		<name>4</name>
		<pose>Unspecified</pose>
		<truncated>0</truncated>
		<difficult>0</difficult>
		<bndbox>
			<xmin>320</xmin>
			<ymin>10</ymin>
			<xmax>565</xmax>
			<ymax>588</ymax>
		</bndbox>
	</object>
	<object>
		<name>0</name>
		<pose>Unspecified</pose>
		<truncated>0</truncated>
		<difficult>0</difficult>
		<bndbox>
			<xmin>596</xmin>
			<ymin>6</ymin>
			<xmax>828</xmax>
			<ymax>601</ymax>
		</bndbox>
	</object>
	<object>
		<name>8</name>
		<pose>Unspecified</pose>
		<truncated>1</truncated>
		<difficult>0</difficult>
		<bndbox>
			<xmin>876</xmin>
			<ymin>16</ymin>
			<xmax>1120</xmax>
			<ymax>606</ymax>
		</bndbox>
	</object>
</annotation>
