<annotation>
	<folder>Foto Bersih</folder>
	<filename>36.64.jpg</filename>
	<path>D:\Melika\skripsi\Foto Bersih\36.64.jpg</path>
	<source>
		<database>Unknown</database>
	</source>
	<size>
		<width>907</width>
		<height>421</height>
		<depth>3</depth>
	</size>
	<segmented>0</segmented>
	<object>
		<name>3</name>
		<pose>Unspecified</pose>
		<truncated>0</truncated>
		<difficult>0</difficult>
		<bndbox>
			<xmin>8</xmin>
			<ymin>91</ymin>
			<xmax>166</xmax>
			<ymax>385</ymax>
		</bndbox>
	</object>
	<object>
		<name>6</name>
		<pose>Unspecified</pose>
		<truncated>0</truncated>
		<difficult>0</difficult>
		<bndbox>
			<xmin>226</xmin>
			<ymin>81</ymin>
			<xmax>387</xmax>
			<ymax>385</ymax>
		</bndbox>
	</object>
	<object>
		<name>.</name>
		<pose>Unspecified</pose>
		<truncated>0</truncated>
		<difficult>0</difficult>
		<bndbox>
			<xmin>394</xmin>
			<ymin>314</ymin>
			<xmax>453</xmax>
			<ymax>382</ymax>
		</bndbox>
	</object>
	<object>
		<name>6</name>
		<pose>Unspecified</pose>
		<truncated>0</truncated>
		<difficult>0</difficult>
		<bndbox>
			<xmin>471</xmin>
			<ymin>71</ymin>
			<xmax>633</xmax>
			<ymax>385</ymax>
		</bndbox>
	</object>
	<object>
		<name>4</name>
		<pose>Unspecified</pose>
		<truncated>0</truncated>
		<difficult>0</difficult>
		<bndbox>
			<xmin>706</xmin>
			<ymin>75</ymin>
			<xmax>887</xmax>
			<ymax>381</ymax>
		</bndbox>
	</object>
</annotation>
