<annotation>
	<folder>Foto Bersih</folder>
	<filename>361.3.jpg</filename>
	<path>D:\Melika\skripsi\Foto Bersih\361.3.jpg</path>
	<source>
		<database>Unknown</database>
	</source>
	<size>
		<width>1171</width>
		<height>480</height>
		<depth>3</depth>
	</size>
	<segmented>0</segmented>
	<object>
		<name>.</name>
		<pose>Unspecified</pose>
		<truncated>0</truncated>
		<difficult>0</difficult>
		<bndbox>
			<xmin>873</xmin>
			<ymin>356</ymin>
			<xmax>953</xmax>
			<ymax>441</ymax>
		</bndbox>
	</object>
	<object>
		<name>3</name>
		<pose>Unspecified</pose>
		<truncated>1</truncated>
		<difficult>0</difficult>
		<bndbox>
			<xmin>980</xmin>
			<ymin>41</ymin>
			<xmax>1171</xmax>
			<ymax>475</ymax>
		</bndbox>
	</object>
	<object>
		<name>3</name>
		<pose>Unspecified</pose>
		<truncated>1</truncated>
		<difficult>0</difficult>
		<bndbox>
			<xmin>12</xmin>
			<ymin>49</ymin>
			<xmax>219</xmax>
			<ymax>480</ymax>
		</bndbox>
	</object>
	<object>
		<name>6</name>
		<pose>Unspecified</pose>
		<truncated>1</truncated>
		<difficult>0</difficult>
		<bndbox>
			<xmin>314</xmin>
			<ymin>42</ymin>
			<xmax>573</xmax>
			<ymax>480</ymax>
		</bndbox>
	</object>
	<object>
		<name>1</name>
		<pose>Unspecified</pose>
		<truncated>0</truncated>
		<difficult>0</difficult>
		<bndbox>
			<xmin>764</xmin>
			<ymin>68</ymin>
			<xmax>867</xmax>
			<ymax>419</ymax>
		</bndbox>
	</object>
</annotation>
