<annotation>
	<folder>Foto Bersih</folder>
	<filename>42.78.jpg</filename>
	<path>D:\Melika\skripsi\Foto Bersih\42.78.jpg</path>
	<source>
		<database>Unknown</database>
	</source>
	<size>
		<width>1093</width>
		<height>477</height>
		<depth>3</depth>
	</size>
	<segmented>0</segmented>
	<object>
		<name>.</name>
		<pose>Unspecified</pose>
		<truncated>0</truncated>
		<difficult>0</difficult>
		<bndbox>
			<xmin>404</xmin>
			<ymin>366</ymin>
			<xmax>489</xmax>
			<ymax>450</ymax>
		</bndbox>
	</object>
	<object>
		<name>4</name>
		<pose>Unspecified</pose>
		<truncated>0</truncated>
		<difficult>0</difficult>
		<bndbox>
			<xmin>9</xmin>
			<ymin>75</ymin>
			<xmax>184</xmax>
			<ymax>411</ymax>
		</bndbox>
	</object>
	<object>
		<name>2</name>
		<pose>Unspecified</pose>
		<truncated>0</truncated>
		<difficult>0</difficult>
		<bndbox>
			<xmin>226</xmin>
			<ymin>56</ymin>
			<xmax>436</xmax>
			<ymax>430</ymax>
		</bndbox>
	</object>
	<object>
		<name>7</name>
		<pose>Unspecified</pose>
		<truncated>0</truncated>
		<difficult>0</difficult>
		<bndbox>
			<xmin>574</xmin>
			<ymin>63</ymin>
			<xmax>747</xmax>
			<ymax>455</ymax>
		</bndbox>
	</object>
	<object>
		<name>8</name>
		<pose>Unspecified</pose>
		<truncated>0</truncated>
		<difficult>0</difficult>
		<bndbox>
			<xmin>816</xmin>
			<ymin>54</ymin>
			<xmax>1070</xmax>
			<ymax>461</ymax>
		</bndbox>
	</object>
</annotation>
