<annotation>
	<folder>Foto Bersih</folder>
	<filename>42.91.jpg</filename>
	<path>D:\Melika\skripsi\Foto Bersih\42.91.jpg</path>
	<source>
		<database>Unknown</database>
	</source>
	<size>
		<width>1111</width>
		<height>452</height>
		<depth>3</depth>
	</size>
	<segmented>0</segmented>
	<object>
		<name>.</name>
		<pose>Unspecified</pose>
		<truncated>0</truncated>
		<difficult>0</difficult>
		<bndbox>
			<xmin>411</xmin>
			<ymin>330</ymin>
			<xmax>465</xmax>
			<ymax>397</ymax>
		</bndbox>
	</object>
	<object>
		<name>4</name>
		<pose>Unspecified</pose>
		<truncated>0</truncated>
		<difficult>0</difficult>
		<bndbox>
			<xmin>5</xmin>
			<ymin>57</ymin>
			<xmax>200</xmax>
			<ymax>383</ymax>
		</bndbox>
	</object>
	<object>
		<name>2</name>
		<pose>Unspecified</pose>
		<truncated>0</truncated>
		<difficult>0</difficult>
		<bndbox>
			<xmin>224</xmin>
			<ymin>28</ymin>
			<xmax>442</xmax>
			<ymax>400</ymax>
		</bndbox>
	</object>
	<object>
		<name>9</name>
		<pose>Unspecified</pose>
		<truncated>0</truncated>
		<difficult>0</difficult>
		<bndbox>
			<xmin>516</xmin>
			<ymin>30</ymin>
			<xmax>761</xmax>
			<ymax>422</ymax>
		</bndbox>
	</object>
	<object>
		<name>1</name>
		<pose>Unspecified</pose>
		<truncated>0</truncated>
		<difficult>0</difficult>
		<bndbox>
			<xmin>974</xmin>
			<ymin>11</ymin>
			<xmax>1102</xmax>
			<ymax>426</ymax>
		</bndbox>
	</object>
</annotation>
