<annotation>
	<folder>Foto Bersih</folder>
	<filename>449.7.jpg</filename>
	<path>D:\Melika\skripsi\Foto Bersih\449.7.jpg</path>
	<source>
		<database>Unknown</database>
	</source>
	<size>
		<width>1951</width>
		<height>979</height>
		<depth>3</depth>
	</size>
	<segmented>0</segmented>
	<object>
		<name>4</name>
		<pose>Unspecified</pose>
		<truncated>0</truncated>
		<difficult>0</difficult>
		<bndbox>
			<xmin>156</xmin>
			<ymin>39</ymin>
			<xmax>552</xmax>
			<ymax>914</ymax>
		</bndbox>
	</object>
	<object>
		<name>4</name>
		<pose>Unspecified</pose>
		<truncated>0</truncated>
		<difficult>0</difficult>
		<bndbox>
			<xmin>630</xmin>
			<ymin>29</ymin>
			<xmax>1016</xmax>
			<ymax>917</ymax>
		</bndbox>
	</object>
	<object>
		<name>9</name>
		<pose>Unspecified</pose>
		<truncated>0</truncated>
		<difficult>0</difficult>
		<bndbox>
			<xmin>1096</xmin>
			<ymin>17</ymin>
			<xmax>1472</xmax>
			<ymax>913</ymax>
		</bndbox>
	</object>
	<object>
		<name>.</name>
		<pose>Unspecified</pose>
		<truncated>0</truncated>
		<difficult>0</difficult>
		<bndbox>
			<xmin>1432</xmin>
			<ymin>774</ymin>
			<xmax>1577</xmax>
			<ymax>943</ymax>
		</bndbox>
	</object>
	<object>
		<name>7</name>
		<pose>Unspecified</pose>
		<truncated>1</truncated>
		<difficult>0</difficult>
		<bndbox>
			<xmin>1616</xmin>
			<ymin>16</ymin>
			<xmax>1951</xmax>
			<ymax>979</ymax>
		</bndbox>
	</object>
</annotation>
