<annotation>
	<folder>Foto Bersih</folder>
	<filename>45.36.jpg</filename>
	<path>D:\Melika\skripsi\Foto Bersih\45.36.jpg</path>
	<source>
		<database>Unknown</database>
	</source>
	<size>
		<width>1126</width>
		<height>440</height>
		<depth>3</depth>
	</size>
	<segmented>0</segmented>
	<object>
		<name>.</name>
		<pose>Unspecified</pose>
		<truncated>0</truncated>
		<difficult>0</difficult>
		<bndbox>
			<xmin>511</xmin>
			<ymin>314</ymin>
			<xmax>594</xmax>
			<ymax>394</ymax>
		</bndbox>
	</object>
	<object>
		<name>4</name>
		<pose>Unspecified</pose>
		<truncated>0</truncated>
		<difficult>0</difficult>
		<bndbox>
			<xmin>15</xmin>
			<ymin>74</ymin>
			<xmax>215</xmax>
			<ymax>387</ymax>
		</bndbox>
	</object>
	<object>
		<name>5</name>
		<pose>Unspecified</pose>
		<truncated>0</truncated>
		<difficult>0</difficult>
		<bndbox>
			<xmin>302</xmin>
			<ymin>43</ymin>
			<xmax>506</xmax>
			<ymax>392</ymax>
		</bndbox>
	</object>
	<object>
		<name>3</name>
		<pose>Unspecified</pose>
		<truncated>0</truncated>
		<difficult>0</difficult>
		<bndbox>
			<xmin>627</xmin>
			<ymin>55</ymin>
			<xmax>786</xmax>
			<ymax>378</ymax>
		</bndbox>
	</object>
	<object>
		<name>6</name>
		<pose>Unspecified</pose>
		<truncated>0</truncated>
		<difficult>0</difficult>
		<bndbox>
			<xmin>878</xmin>
			<ymin>35</ymin>
			<xmax>1079</xmax>
			<ymax>375</ymax>
		</bndbox>
	</object>
</annotation>
