<annotation>
	<folder>Foto Bersih</folder>
	<filename>46.60.jpg</filename>
	<path>D:\Melika\skripsi\Foto Bersih\46.60.jpg</path>
	<source>
		<database>Unknown</database>
	</source>
	<size>
		<width>843</width>
		<height>353</height>
		<depth>3</depth>
	</size>
	<segmented>0</segmented>
	<object>
		<name>4</name>
		<pose>Unspecified</pose>
		<truncated>0</truncated>
		<difficult>0</difficult>
		<bndbox>
			<xmin>42</xmin>
			<ymin>40</ymin>
			<xmax>215</xmax>
			<ymax>321</ymax>
		</bndbox>
	</object>
	<object>
		<name>6</name>
		<pose>Unspecified</pose>
		<truncated>0</truncated>
		<difficult>0</difficult>
		<bndbox>
			<xmin>232</xmin>
			<ymin>35</ymin>
			<xmax>388</xmax>
			<ymax>334</ymax>
		</bndbox>
	</object>
	<object>
		<name>6</name>
		<pose>Unspecified</pose>
		<truncated>0</truncated>
		<difficult>0</difficult>
		<bndbox>
			<xmin>415</xmin>
			<ymin>17</ymin>
			<xmax>584</xmax>
			<ymax>339</ymax>
		</bndbox>
	</object>
	<object>
		<name>0</name>
		<pose>Unspecified</pose>
		<truncated>0</truncated>
		<difficult>0</difficult>
		<bndbox>
			<xmin>605</xmin>
			<ymin>5</ymin>
			<xmax>777</xmax>
			<ymax>330</ymax>
		</bndbox>
	</object>
</annotation>
