<annotation>
	<folder>Foto Bersih</folder>
	<filename>49.45.jpg</filename>
	<path>D:\Melika\skripsi\Foto Bersih\49.45.jpg</path>
	<source>
		<database>Unknown</database>
	</source>
	<size>
		<width>1092</width>
		<height>464</height>
		<depth>3</depth>
	</size>
	<segmented>0</segmented>
	<object>
		<name>.</name>
		<pose>Unspecified</pose>
		<truncated>0</truncated>
		<difficult>0</difficult>
		<bndbox>
			<xmin>487</xmin>
			<ymin>316</ymin>
			<xmax>567</xmax>
			<ymax>392</ymax>
		</bndbox>
	</object>
	<object>
		<name>4</name>
		<pose>Unspecified</pose>
		<truncated>0</truncated>
		<difficult>0</difficult>
		<bndbox>
			<xmin>23</xmin>
			<ymin>43</ymin>
			<xmax>239</xmax>
			<ymax>360</ymax>
		</bndbox>
	</object>
	<object>
		<name>9</name>
		<pose>Unspecified</pose>
		<truncated>0</truncated>
		<difficult>0</difficult>
		<bndbox>
			<xmin>297</xmin>
			<ymin>20</ymin>
			<xmax>483</xmax>
			<ymax>375</ymax>
		</bndbox>
	</object>
	<object>
		<name>4</name>
		<pose>Unspecified</pose>
		<truncated>0</truncated>
		<difficult>0</difficult>
		<bndbox>
			<xmin>582</xmin>
			<ymin>16</ymin>
			<xmax>779</xmax>
			<ymax>376</ymax>
		</bndbox>
	</object>
	<object>
		<name>5</name>
		<pose>Unspecified</pose>
		<truncated>0</truncated>
		<difficult>0</difficult>
		<bndbox>
			<xmin>849</xmin>
			<ymin>9</ymin>
			<xmax>1055</xmax>
			<ymax>386</ymax>
		</bndbox>
	</object>
</annotation>
