<annotation>
	<folder>Foto Bersih</folder>
	<filename>5.39.jpg</filename>
	<path>D:\Melika\skripsi\Foto Bersih\5.39.jpg</path>
	<source>
		<database>Unknown</database>
	</source>
	<size>
		<width>142</width>
		<height>91</height>
		<depth>3</depth>
	</size>
	<segmented>0</segmented>
	<object>
		<name>5</name>
		<pose>Unspecified</pose>
		<truncated>0</truncated>
		<difficult>0</difficult>
		<bndbox>
			<xmin>10</xmin>
			<ymin>10</ymin>
			<xmax>51</xmax>
			<ymax>84</ymax>
		</bndbox>
	</object>
	<object>
		<name>.</name>
		<pose>Unspecified</pose>
		<truncated>0</truncated>
		<difficult>0</difficult>
		<bndbox>
			<xmin>45</xmin>
			<ymin>73</ymin>
			<xmax>57</xmax>
			<ymax>85</ymax>
		</bndbox>
	</object>
	<object>
		<name>3</name>
		<pose>Unspecified</pose>
		<truncated>0</truncated>
		<difficult>0</difficult>
		<bndbox>
			<xmin>57</xmin>
			<ymin>10</ymin>
			<xmax>95</xmax>
			<ymax>83</ymax>
		</bndbox>
	</object>
	<object>
		<name>9</name>
		<pose>Unspecified</pose>
		<truncated>0</truncated>
		<difficult>0</difficult>
		<bndbox>
			<xmin>99</xmin>
			<ymin>9</ymin>
			<xmax>138</xmax>
			<ymax>83</ymax>
		</bndbox>
	</object>
</annotation>
