<annotation>
	<folder>Foto Bersih</folder>
	<filename>6.39.jpg</filename>
	<path>D:\Melika\skripsi\Foto Bersih\6.39.jpg</path>
	<source>
		<database>Unknown</database>
	</source>
	<size>
		<width>162</width>
		<height>95</height>
		<depth>3</depth>
	</size>
	<segmented>0</segmented>
	<object>
		<name>.</name>
		<pose>Unspecified</pose>
		<truncated>0</truncated>
		<difficult>0</difficult>
		<bndbox>
			<xmin>53</xmin>
			<ymin>76</ymin>
			<xmax>64</xmax>
			<ymax>87</ymax>
		</bndbox>
	</object>
	<object>
		<name>6</name>
		<pose>Unspecified</pose>
		<truncated>0</truncated>
		<difficult>0</difficult>
		<bndbox>
			<xmin>18</xmin>
			<ymin>8</ymin>
			<xmax>55</xmax>
			<ymax>85</ymax>
		</bndbox>
	</object>
	<object>
		<name>3</name>
		<pose>Unspecified</pose>
		<truncated>0</truncated>
		<difficult>0</difficult>
		<bndbox>
			<xmin>66</xmin>
			<ymin>8</ymin>
			<xmax>103</xmax>
			<ymax>86</ymax>
		</bndbox>
	</object>
	<object>
		<name>9</name>
		<pose>Unspecified</pose>
		<truncated>0</truncated>
		<difficult>0</difficult>
		<bndbox>
			<xmin>110</xmin>
			<ymin>7</ymin>
			<xmax>149</xmax>
			<ymax>87</ymax>
		</bndbox>
	</object>
</annotation>
