<annotation>
	<folder>Foto Bersih</folder>
	<filename>673.50.jpg</filename>
	<path>D:\Melika\skripsi\Foto Bersih\673.50.jpg</path>
	<source>
		<database>Unknown</database>
	</source>
	<size>
		<width>384</width>
		<height>115</height>
		<depth>3</depth>
	</size>
	<segmented>0</segmented>
	<object>
		<name>.</name>
		<pose>Unspecified</pose>
		<truncated>1</truncated>
		<difficult>0</difficult>
		<bndbox>
			<xmin>221</xmin>
			<ymin>93</ymin>
			<xmax>243</xmax>
			<ymax>115</ymax>
		</bndbox>
	</object>
	<object>
		<name>6</name>
		<pose>Unspecified</pose>
		<truncated>1</truncated>
		<difficult>0</difficult>
		<bndbox>
			<xmin>8</xmin>
			<ymin>6</ymin>
			<xmax>72</xmax>
			<ymax>115</ymax>
		</bndbox>
	</object>
	<object>
		<name>7</name>
		<pose>Unspecified</pose>
		<truncated>1</truncated>
		<difficult>0</difficult>
		<bndbox>
			<xmin>92</xmin>
			<ymin>4</ymin>
			<xmax>152</xmax>
			<ymax>115</ymax>
		</bndbox>
	</object>
	<object>
		<name>3</name>
		<pose>Unspecified</pose>
		<truncated>1</truncated>
		<difficult>0</difficult>
		<bndbox>
			<xmin>164</xmin>
			<ymin>5</ymin>
			<xmax>224</xmax>
			<ymax>115</ymax>
		</bndbox>
	</object>
	<object>
		<name>5</name>
		<pose>Unspecified</pose>
		<truncated>1</truncated>
		<difficult>0</difficult>
		<bndbox>
			<xmin>243</xmin>
			<ymin>6</ymin>
			<xmax>303</xmax>
			<ymax>115</ymax>
		</bndbox>
	</object>
	<object>
		<name>0</name>
		<pose>Unspecified</pose>
		<truncated>1</truncated>
		<difficult>0</difficult>
		<bndbox>
			<xmin>316</xmin>
			<ymin>7</ymin>
			<xmax>384</xmax>
			<ymax>115</ymax>
		</bndbox>
	</object>
</annotation>
