<annotation>
	<folder>Foto Bersih</folder>
	<filename>87.52.jpg</filename>
	<path>D:\Melika\skripsi\Foto Bersih\87.52.jpg</path>
	<source>
		<database>Unknown</database>
	</source>
	<size>
		<width>1077</width>
		<height>580</height>
		<depth>3</depth>
	</size>
	<segmented>0</segmented>
	<object>
		<name>.</name>
		<pose>Unspecified</pose>
		<truncated>0</truncated>
		<difficult>0</difficult>
		<bndbox>
			<xmin>541</xmin>
			<ymin>395</ymin>
			<xmax>608</xmax>
			<ymax>491</ymax>
		</bndbox>
	</object>
	<object>
		<name>8</name>
		<pose>Unspecified</pose>
		<truncated>0</truncated>
		<difficult>0</difficult>
		<bndbox>
			<xmin>18</xmin>
			<ymin>112</ymin>
			<xmax>238</xmax>
			<ymax>508</ymax>
		</bndbox>
	</object>
	<object>
		<name>7</name>
		<pose>Unspecified</pose>
		<truncated>0</truncated>
		<difficult>0</difficult>
		<bndbox>
			<xmin>352</xmin>
			<ymin>91</ymin>
			<xmax>534</xmax>
			<ymax>477</ymax>
		</bndbox>
	</object>
	<object>
		<name>5</name>
		<pose>Unspecified</pose>
		<truncated>0</truncated>
		<difficult>0</difficult>
		<bndbox>
			<xmin>637</xmin>
			<ymin>95</ymin>
			<xmax>809</xmax>
			<ymax>478</ymax>
		</bndbox>
	</object>
	<object>
		<name>2</name>
		<pose>Unspecified</pose>
		<truncated>0</truncated>
		<difficult>0</difficult>
		<bndbox>
			<xmin>907</xmin>
			<ymin>67</ymin>
			<xmax>1068</xmax>
			<ymax>480</ymax>
		</bndbox>
	</object>
</annotation>
