<annotation>
	<folder>Foto Bersih</folder>
	<filename>9.64.jpg</filename>
	<path>D:\Melika\skripsi\Foto Bersih\9.64.jpg</path>
	<source>
		<database>Unknown</database>
	</source>
	<size>
		<width>137</width>
		<height>81</height>
		<depth>3</depth>
	</size>
	<segmented>0</segmented>
	<object>
		<name>.</name>
		<pose>Unspecified</pose>
		<truncated>0</truncated>
		<difficult>0</difficult>
		<bndbox>
			<xmin>46</xmin>
			<ymin>62</ymin>
			<xmax>57</xmax>
			<ymax>72</ymax>
		</bndbox>
	</object>
	<object>
		<name>9</name>
		<pose>Unspecified</pose>
		<truncated>0</truncated>
		<difficult>0</difficult>
		<bndbox>
			<xmin>15</xmin>
			<ymin>4</ymin>
			<xmax>48</xmax>
			<ymax>73</ymax>
		</bndbox>
	</object>
	<object>
		<name>6</name>
		<pose>Unspecified</pose>
		<truncated>0</truncated>
		<difficult>0</difficult>
		<bndbox>
			<xmin>58</xmin>
			<ymin>4</ymin>
			<xmax>90</xmax>
			<ymax>73</ymax>
		</bndbox>
	</object>
	<object>
		<name>4</name>
		<pose>Unspecified</pose>
		<truncated>0</truncated>
		<difficult>0</difficult>
		<bndbox>
			<xmin>95</xmin>
			<ymin>5</ymin>
			<xmax>135</xmax>
			<ymax>70</ymax>
		</bndbox>
	</object>
</annotation>
