{"images": [{"id": 20180000001, "file_name": "30.19 (3).jpg", "width": 500, "height": 200}, {"id": 20180000002, "file_name": "13.50.jpg", "width": 500, "height": 200}, {"id": 20180000003, "file_name": "3.73.jpg", "width": 500, "height": 200}, {"id": 20180000004, "file_name": "18.01.jpg", "width": 500, "height": 200}, {"id": 20180000005, "file_name": "233.7.jpg", "width": 500, "height": 200}, {"id": 20180000006, "file_name": "197.87.jpg", "width": 500, "height": 200}, {"id": 20180000007, "file_name": "32.14.jpg", "width": 500, "height": 200}, {"id": 20180000008, "file_name": "24.70 (2).jpg", "width": 500, "height": 200}, {"id": 20180000009, "file_name": "269.90.jpg", "width": 500, "height": 200}, {"id": 20180000010, "file_name": "1895.77.jpg", "width": 500, "height": 200}, {"id": 20180000011, "file_name": "30.19 (2).jpg", "width": 500, "height": 200}, {"id": 20180000012, "file_name": "9.64.jpg", "width": 500, "height": 200}, {"id": 20180000013, "file_name": "5.308.jpg", "width": 500, "height": 200}, {"id": 20180000014, "file_name": "24.44.jpg", "width": 500, "height": 200}, {"id": 20180000015, "file_name": "576.86.jpg", "width": 500, "height": 200}, {"id": 20180000016, "file_name": "36.20.jpg", "width": 500, "height": 200}, {"id": 20180000017, "file_name": "10.00.jpg", "width": 500, "height": 200}, {"id": 20180000018, "file_name": "22.14.jpg", "width": 500, "height": 200}, {"id": 20180000019, "file_name": "22.68.jpg", "width": 500, "height": 200}, {"id": 20180000020, "file_name": "267.88.jpg", "width": 500, "height": 200}, {"id": 20180000021, "file_name": "134.2 (2).jpg", "width": 500, "height": 200}, {"id": 20180000022, "file_name": "201.66.jpg", "width": 500, "height": 200}, {"id": 20180000023, "file_name": "0018.jpg", "width": 500, "height": 200}, {"id": 20180000024, "file_name": "23.62.jpg", "width": 500, "height": 200}, {"id": 20180000025, "file_name": "23.82.jpg", "width": 500, "height": 200}, {"id": 20180000026, "file_name": "9.18.jpg", "width": 500, "height": 200}, {"id": 20180000027, "file_name": "36.60.jpg", "width": 500, "height": 200}, {"id": 20180000028, "file_name": "176.75.jpg", "width": 500, "height": 200}, {"id": 20180000029, "file_name": "27.18.jpg", "width": 500, "height": 200}, {"id": 20180000030, "file_name": "37.65.jpg", "width": 500, "height": 200}, {"id": 20180000031, "file_name": "25.02 (2).jpg", "width": 500, "height": 200}, {"id": 20180000032, "file_name": "183.5.jpg", "width": 500, "height": 200}, {"id": 20180000033, "file_name": "61330.jpg", "width": 500, "height": 200}, {"id": 20180000034, "file_name": "14.13.jpg", "width": 500, "height": 200}, {"id": 20180000035, "file_name": "12.44.jpg", "width": 500, "height": 200}, {"id": 20180000036, "file_name": "25.78.jpg", "width": 500, "height": 200}, {"id": 20180000037, "file_name": "0128.jpg", "width": 500, "height": 200}, {"id": 20180000038, "file_name": "000751.33.jpg", "width": 500, "height": 200}, {"id": 20180000039, "file_name": "9.71.jpg", "width": 500, "height": 200}, {"id": 20180000040, "file_name": "730.93.jpg", "width": 500, "height": 200}, {"id": 20180000041, "file_name": "21.50.jpg", "width": 500, "height": 200}, {"id": 20180000042, "file_name": "15.14.jpg", "width": 500, "height": 200}, {"id": 20180000043, "file_name": "30.19.jpg", "width": 500, "height": 200}, {"id": 20180000044, "file_name": "238.72.jpg", "width": 500, "height": 200}, {"id": 20180000045, "file_name": "25.24.jpg", "width": 500, "height": 200}, {"id": 20180000046, "file_name": "179.1.jpg", "width": 500, "height": 200}, {"id": 20180000047, "file_name": "18.10.jpg", "width": 500, "height": 200}, {"id": 20180000048, "file_name": "0000.jpg", "width": 500, "height": 200}, {"id": 20180000049, "file_name": "37.00.jpg", "width": 500, "height": 200}, {"id": 20180000050, "file_name": "0.00 (3).jpg", "width": 500, "height": 200}, {"id": 20180000051, "file_name": "13.96.jpg", "width": 500, "height": 200}, {"id": 20180000052, "file_name": "134.2.jpg", "width": 500, "height": 200}, {"id": 20180000053, "file_name": "31.82.jpg", "width": 500, "height": 200}, {"id": 20180000054, "file_name": "0.00 (5).jpg", "width": 500, "height": 200}, {"id": 20180000055, "file_name": "264.99.jpg", "width": 500, "height": 200}, {"id": 20180000056, "file_name": "168.50.jpg", "width": 500, "height": 200}, {"id": 20180000057, "file_name": "194.6.jpg", "width": 500, "height": 200}, {"id": 20180000058, "file_name": "2887.jpg", "width": 500, "height": 200}, {"id": 20180000059, "file_name": "208.92.jpg", "width": 500, "height": 200}, {"id": 20180000060, "file_name": "15.88.jpg", "width": 500, "height": 200}, {"id": 20180000061, "file_name": "32.78.jpg", "width": 500, "height": 200}, {"id": 20180000062, "file_name": "30.71.jpg", "width": 500, "height": 200}, {"id": 20180000063, "file_name": "35.59.jpg", "width": 500, "height": 200}, {"id": 20180000064, "file_name": "226.23.jpg", "width": 500, "height": 200}, {"id": 20180000065, "file_name": "2965.jpg", "width": 500, "height": 200}, {"id": 20180000066, "file_name": "0.00 (4).jpg", "width": 500, "height": 200}, {"id": 20180000067, "file_name": "103.46.jpg", "width": 500, "height": 200}, {"id": 20180000068, "file_name": "17.53.jpg", "width": 500, "height": 200}, {"id": 20180000069, "file_name": "621.27.jpg", "width": 500, "height": 200}, {"id": 20180000070, "file_name": "32.89.jpg", "width": 500, "height": 200}], "type": "instances", "annotations": [{"segmentation": [[17, 14, 17, 164, 99, 164, 99, 14]], "area": 12300, "iscrowd": 0, "ignore": 0, "image_id": 20180000001, "bbox": [17, 14, 82, 150], "category_id": 1, "id": 1}, {"segmentation": [[138, 9, 138, 169, 226, 169, 226, 9]], "area": 14080, "iscrowd": 0, "ignore": 0, "image_id": 20180000001, "bbox": [138, 9, 88, 160], "category_id": 2, "id": 2}, {"segmentation": [[231, 133, 231, 165, 262, 165, 262, 133]], "area": 992, "iscrowd": 0, "ignore": 0, "image_id": 20180000001, "bbox": [231, 133, 31, 32], "category_id": 3, "id": 3}, {"segmentation": [[318, 24, 318, 152, 363, 152, 363, 24]], "area": 5760, "iscrowd": 0, "ignore": 0, "image_id": 20180000001, "bbox": [318, 24, 45, 128], "category_id": 4, "id": 4}, {"segmentation": [[399, 15, 399, 168, 485, 168, 485, 15]], "area": 13158, "iscrowd": 0, "ignore": 0, "image_id": 20180000001, "bbox": [399, 15, 86, 153], "category_id": 5, "id": 5}, {"segmentation": [[13, 19, 13, 176, 67, 176, 67, 19]], "area": 8478, "iscrowd": 0, "ignore": 0, "image_id": 20180000002, "bbox": [13, 19, 54, 157], "category_id": 4, "id": 6}, {"segmentation": [[83, 9, 83, 179, 189, 179, 189, 9]], "area": 18020, "iscrowd": 0, "ignore": 0, "image_id": 20180000002, "bbox": [83, 9, 106, 170], "category_id": 1, "id": 7}, {"segmentation": [[187, 160, 187, 186, 213, 186, 213, 160]], "area": 676, "iscrowd": 0, "ignore": 0, "image_id": 20180000002, "bbox": [187, 160, 26, 26], "category_id": 3, "id": 8}, {"segmentation": [[223, 15, 223, 183, 333, 183, 333, 15]], "area": 18480, "iscrowd": 0, "ignore": 0, "image_id": 20180000002, "bbox": [223, 15, 110, 168], "category_id": 6, "id": 9}, {"segmentation": [[354, 15, 354, 186, 476, 186, 476, 15]], "area": 20862, "iscrowd": 0, "ignore": 0, "image_id": 20180000002, "bbox": [354, 15, 122, 171], "category_id": 2, "id": 10}, {"segmentation": [[59, 13, 59, 186, 175, 186, 175, 13]], "area": 20068, "iscrowd": 0, "ignore": 0, "image_id": 20180000003, "bbox": [59, 13, 116, 173], "category_id": 1, "id": 11}, {"segmentation": [[172, 165, 172, 190, 205, 190, 205, 165]], "area": 825, "iscrowd": 0, "ignore": 0, "image_id": 20180000003, "bbox": [172, 165, 33, 25], "category_id": 3, "id": 12}, {"segmentation": [[216, 11, 216, 184, 327, 184, 327, 11]], "area": 19203, "iscrowd": 0, "ignore": 0, "image_id": 20180000003, "bbox": [216, 11, 111, 173], "category_id": 7, "id": 13}, {"segmentation": [[360, 9, 360, 188, 473, 188, 473, 9]], "area": 20227, "iscrowd": 0, "ignore": 0, "image_id": 20180000003, "bbox": [360, 9, 113, 179], "category_id": 1, "id": 14}, {"segmentation": [[23, 29, 23, 189, 72, 189, 72, 29]], "area": 7840, "iscrowd": 0, "ignore": 0, "image_id": 20180000004, "bbox": [23, 29, 49, 160], "category_id": 4, "id": 15}, {"segmentation": [[83, 9, 83, 194, 197, 194, 197, 9]], "area": 21090, "iscrowd": 0, "ignore": 0, "image_id": 20180000004, "bbox": [83, 9, 114, 185], "category_id": 8, "id": 16}, {"segmentation": [[194, 169, 194, 193, 226, 193, 226, 169]], "area": 768, "iscrowd": 0, "ignore": 0, "image_id": 20180000004, "bbox": [194, 169, 32, 24], "category_id": 3, "id": 17}, {"segmentation": [[229, 17, 229, 195, 347, 195, 347, 17]], "area": 21004, "iscrowd": 0, "ignore": 0, "image_id": 20180000004, "bbox": [229, 17, 118, 178], "category_id": 2, "id": 18}, {"segmentation": [[435, 21, 435, 185, 490, 185, 490, 21]], "area": 9020, "iscrowd": 0, "ignore": 0, "image_id": 20180000004, "bbox": [435, 21, 55, 164], "category_id": 4, "id": 19}, {"segmentation": [[16, 39, 16, 173, 105, 173, 105, 39]], "area": 11926, "iscrowd": 0, "ignore": 0, "image_id": 20180000005, "bbox": [16, 39, 89, 134], "category_id": 9, "id": 20}, {"segmentation": [[152, 38, 152, 176, 235, 176, 235, 38]], "area": 11454, "iscrowd": 0, "ignore": 0, "image_id": 20180000005, "bbox": [152, 38, 83, 138], "category_id": 1, "id": 21}, {"segmentation": [[274, 40, 274, 177, 354, 177, 354, 40]], "area": 10960, "iscrowd": 0, "ignore": 0, "image_id": 20180000005, "bbox": [274, 40, 80, 137], "category_id": 1, "id": 22}, {"segmentation": [[404, 41, 404, 162, 474, 162, 474, 41]], "area": 8470, "iscrowd": 0, "ignore": 0, "image_id": 20180000005, "bbox": [404, 41, 70, 121], "category_id": 7, "id": 23}, {"segmentation": [[44, 29, 44, 173, 77, 173, 77, 29]], "area": 4752, "iscrowd": 0, "ignore": 0, "image_id": 20180000006, "bbox": [44, 29, 33, 144], "category_id": 4, "id": 24}, {"segmentation": [[89, 20, 89, 184, 169, 184, 169, 20]], "area": 13120, "iscrowd": 0, "ignore": 0, "image_id": 20180000006, "bbox": [89, 20, 80, 164], "category_id": 5, "id": 25}, {"segmentation": [[194, 13, 194, 190, 270, 190, 270, 13]], "area": 13452, "iscrowd": 0, "ignore": 0, "image_id": 20180000006, "bbox": [194, 13, 76, 177], "category_id": 7, "id": 26}, {"segmentation": [[265, 164, 265, 188, 284, 188, 284, 164]], "area": 456, "iscrowd": 0, "ignore": 0, "image_id": 20180000006, "bbox": [265, 164, 19, 24], "category_id": 3, "id": 27}, {"segmentation": [[286, 14, 286, 187, 371, 187, 371, 14]], "area": 14705, "iscrowd": 0, "ignore": 0, "image_id": 20180000006, "bbox": [286, 14, 85, 173], "category_id": 8, "id": 28}, {"segmentation": [[396, 17, 396, 182, 480, 182, 480, 17]], "area": 13860, "iscrowd": 0, "ignore": 0, "image_id": 20180000006, "bbox": [396, 17, 84, 165], "category_id": 7, "id": 29}, {"segmentation": [[5, 24, 5, 200, 108, 200, 108, 24]], "area": 18128, "iscrowd": 0, "ignore": 0, "image_id": 20180000007, "bbox": [5, 24, 103, 176], "category_id": 1, "id": 30}, {"segmentation": [[120, 23, 120, 200, 228, 200, 228, 23]], "area": 19116, "iscrowd": 0, "ignore": 0, "image_id": 20180000007, "bbox": [120, 23, 108, 177], "category_id": 9, "id": 31}, {"segmentation": [[223, 168, 223, 196, 255, 196, 255, 168]], "area": 896, "iscrowd": 0, "ignore": 0, "image_id": 20180000007, "bbox": [223, 168, 32, 28], "category_id": 3, "id": 32}, {"segmentation": [[320, 28, 320, 187, 368, 187, 368, 28]], "area": 7632, "iscrowd": 0, "ignore": 0, "image_id": 20180000007, "bbox": [320, 28, 48, 159], "category_id": 4, "id": 33}, {"segmentation": [[382, 21, 382, 190, 493, 190, 493, 21]], "area": 18759, "iscrowd": 0, "ignore": 0, "image_id": 20180000007, "bbox": [382, 21, 111, 169], "category_id": 10, "id": 34}, {"segmentation": [[50, 21, 50, 195, 150, 195, 150, 21]], "area": 17400, "iscrowd": 0, "ignore": 0, "image_id": 20180000008, "bbox": [50, 21, 100, 174], "category_id": 9, "id": 35}, {"segmentation": [[166, 16, 166, 192, 253, 192, 253, 16]], "area": 15312, "iscrowd": 0, "ignore": 0, "image_id": 20180000008, "bbox": [166, 16, 87, 176], "category_id": 10, "id": 36}, {"segmentation": [[252, 163, 252, 189, 273, 189, 273, 163]], "area": 546, "iscrowd": 0, "ignore": 0, "image_id": 20180000008, "bbox": [252, 163, 21, 26], "category_id": 3, "id": 37}, {"segmentation": [[282, 24, 282, 183, 366, 183, 366, 24]], "area": 13356, "iscrowd": 0, "ignore": 0, "image_id": 20180000008, "bbox": [282, 24, 84, 159], "category_id": 7, "id": 38}, {"segmentation": [[379, 21, 379, 190, 473, 190, 473, 21]], "area": 15886, "iscrowd": 0, "ignore": 0, "image_id": 20180000008, "bbox": [379, 21, 94, 169], "category_id": 2, "id": 39}, {"segmentation": [[15, 12, 15, 187, 100, 187, 100, 12]], "area": 14875, "iscrowd": 0, "ignore": 0, "image_id": 20180000009, "bbox": [15, 12, 85, 175], "category_id": 9, "id": 40}, {"segmentation": [[112, 11, 112, 185, 193, 185, 193, 11]], "area": 14094, "iscrowd": 0, "ignore": 0, "image_id": 20180000009, "bbox": [112, 11, 81, 174], "category_id": 11, "id": 41}, {"segmentation": [[205, 13, 205, 188, 283, 188, 283, 13]], "area": 13650, "iscrowd": 0, "ignore": 0, "image_id": 20180000009, "bbox": [205, 13, 78, 175], "category_id": 5, "id": 42}, {"segmentation": [[281, 160, 281, 184, 303, 184, 303, 160]], "area": 528, "iscrowd": 0, "ignore": 0, "image_id": 20180000009, "bbox": [281, 160, 22, 24], "category_id": 3, "id": 43}, {"segmentation": [[304, 15, 304, 184, 381, 184, 381, 15]], "area": 13013, "iscrowd": 0, "ignore": 0, "image_id": 20180000009, "bbox": [304, 15, 77, 169], "category_id": 5, "id": 44}, {"segmentation": [[392, 12, 392, 181, 482, 181, 482, 12]], "area": 15210, "iscrowd": 0, "ignore": 0, "image_id": 20180000009, "bbox": [392, 12, 90, 169], "category_id": 2, "id": 45}, {"segmentation": [[41, 14, 41, 186, 125, 186, 125, 14]], "area": 14448, "iscrowd": 0, "ignore": 0, "image_id": 20180000010, "bbox": [41, 14, 84, 172], "category_id": 8, "id": 46}, {"segmentation": [[144, 16, 144, 194, 224, 194, 224, 16]], "area": 14240, "iscrowd": 0, "ignore": 0, "image_id": 20180000010, "bbox": [144, 16, 80, 178], "category_id": 5, "id": 47}, {"segmentation": [[231, 24, 231, 195, 301, 195, 301, 24]], "area": 11970, "iscrowd": 0, "ignore": 0, "image_id": 20180000010, "bbox": [231, 24, 70, 171], "category_id": 6, "id": 48}, {"segmentation": [[298, 177, 298, 197, 328, 197, 328, 177]], "area": 600, "iscrowd": 0, "ignore": 0, "image_id": 20180000010, "bbox": [298, 177, 30, 20], "category_id": 3, "id": 49}, {"segmentation": [[343, 20, 343, 194, 412, 194, 412, 20]], "area": 12006, "iscrowd": 0, "ignore": 0, "image_id": 20180000010, "bbox": [343, 20, 69, 174], "category_id": 7, "id": 50}, {"segmentation": [[415, 21, 415, 194, 479, 194, 479, 21]], "area": 11072, "iscrowd": 0, "ignore": 0, "image_id": 20180000010, "bbox": [415, 21, 64, 173], "category_id": 7, "id": 51}, {"segmentation": [[18, 29, 18, 177, 103, 177, 103, 29]], "area": 12580, "iscrowd": 0, "ignore": 0, "image_id": 20180000011, "bbox": [18, 29, 85, 148], "category_id": 1, "id": 52}, {"segmentation": [[138, 27, 138, 178, 231, 178, 231, 27]], "area": 14043, "iscrowd": 0, "ignore": 0, "image_id": 20180000011, "bbox": [138, 27, 93, 151], "category_id": 2, "id": 53}, {"segmentation": [[236, 143, 236, 172, 265, 172, 265, 143]], "area": 841, "iscrowd": 0, "ignore": 0, "image_id": 20180000011, "bbox": [236, 143, 29, 29], "category_id": 3, "id": 54}, {"segmentation": [[322, 32, 322, 166, 362, 166, 362, 32]], "area": 5360, "iscrowd": 0, "ignore": 0, "image_id": 20180000011, "bbox": [322, 32, 40, 134], "category_id": 4, "id": 55}, {"segmentation": [[394, 27, 394, 169, 487, 169, 487, 27]], "area": 13206, "iscrowd": 0, "ignore": 0, "image_id": 20180000011, "bbox": [394, 27, 93, 142], "category_id": 5, "id": 56}, {"segmentation": [[93, 14, 93, 198, 194, 198, 194, 14]], "area": 18584, "iscrowd": 0, "ignore": 0, "image_id": 20180000012, "bbox": [93, 14, 101, 184], "category_id": 5, "id": 57}, {"segmentation": [[187, 173, 187, 198, 214, 198, 214, 173]], "area": 675, "iscrowd": 0, "ignore": 0, "image_id": 20180000012, "bbox": [187, 173, 27, 25], "category_id": 3, "id": 58}, {"segmentation": [[214, 14, 214, 200, 322, 200, 322, 14]], "area": 20088, "iscrowd": 0, "ignore": 0, "image_id": 20180000012, "bbox": [214, 14, 108, 186], "category_id": 11, "id": 59}, {"segmentation": [[349, 8, 349, 200, 455, 200, 455, 8]], "area": 20352, "iscrowd": 0, "ignore": 0, "image_id": 20180000012, "bbox": [349, 8, 106, 192], "category_id": 10, "id": 60}, {"segmentation": [[15, 22, 15, 169, 95, 169, 95, 22]], "area": 11760, "iscrowd": 0, "ignore": 0, "image_id": 20180000013, "bbox": [15, 22, 80, 147], "category_id": 6, "id": 61}, {"segmentation": [[100, 137, 100, 167, 123, 167, 123, 137]], "area": 690, "iscrowd": 0, "ignore": 0, "image_id": 20180000013, "bbox": [100, 137, 23, 30], "category_id": 3, "id": 62}, {"segmentation": [[144, 14, 144, 173, 224, 173, 224, 14]], "area": 12720, "iscrowd": 0, "ignore": 0, "image_id": 20180000013, "bbox": [144, 14, 80, 159], "category_id": 1, "id": 63}, {"segmentation": [[266, 11, 266, 175, 352, 175, 352, 11]], "area": 14104, "iscrowd": 0, "ignore": 0, "image_id": 20180000013, "bbox": [266, 11, 86, 164], "category_id": 2, "id": 64}, {"segmentation": [[397, 10, 397, 178, 488, 178, 488, 10]], "area": 15288, "iscrowd": 0, "ignore": 0, "image_id": 20180000013, "bbox": [397, 10, 91, 168], "category_id": 8, "id": 65}, {"segmentation": [[14, 20, 14, 200, 119, 200, 119, 20]], "area": 18900, "iscrowd": 0, "ignore": 0, "image_id": 20180000014, "bbox": [14, 20, 105, 180], "category_id": 9, "id": 66}, {"segmentation": [[135, 19, 135, 200, 231, 200, 231, 19]], "area": 17376, "iscrowd": 0, "ignore": 0, "image_id": 20180000014, "bbox": [135, 19, 96, 181], "category_id": 10, "id": 67}, {"segmentation": [[230, 167, 230, 198, 254, 198, 254, 167]], "area": 744, "iscrowd": 0, "ignore": 0, "image_id": 20180000014, "bbox": [230, 167, 24, 31], "category_id": 3, "id": 68}, {"segmentation": [[257, 19, 257, 187, 355, 187, 355, 19]], "area": 16464, "iscrowd": 0, "ignore": 0, "image_id": 20180000014, "bbox": [257, 19, 98, 168], "category_id": 10, "id": 69}, {"segmentation": [[372, 18, 372, 188, 472, 188, 472, 18]], "area": 17000, "iscrowd": 0, "ignore": 0, "image_id": 20180000014, "bbox": [372, 18, 100, 170], "category_id": 10, "id": 70}, {"segmentation": [[24, 30, 24, 194, 119, 194, 119, 30]], "area": 15580, "iscrowd": 0, "ignore": 0, "image_id": 20180000015, "bbox": [24, 30, 95, 164], "category_id": 6, "id": 71}, {"segmentation": [[141, 24, 141, 192, 216, 192, 216, 24]], "area": 12600, "iscrowd": 0, "ignore": 0, "image_id": 20180000015, "bbox": [141, 24, 75, 168], "category_id": 7, "id": 72}, {"segmentation": [[224, 25, 224, 194, 299, 194, 299, 25]], "area": 12675, "iscrowd": 0, "ignore": 0, "image_id": 20180000015, "bbox": [224, 25, 75, 169], "category_id": 11, "id": 73}, {"segmentation": [[296, 177, 296, 196, 329, 196, 329, 177]], "area": 627, "iscrowd": 0, "ignore": 0, "image_id": 20180000015, "bbox": [296, 177, 33, 19], "category_id": 3, "id": 74}, {"segmentation": [[330, 21, 330, 191, 411, 191, 411, 21]], "area": 13770, "iscrowd": 0, "ignore": 0, "image_id": 20180000015, "bbox": [330, 21, 81, 170], "category_id": 8, "id": 75}, {"segmentation": [[409, 19, 409, 197, 489, 197, 489, 19]], "area": 14240, "iscrowd": 0, "ignore": 0, "image_id": 20180000015, "bbox": [409, 19, 80, 178], "category_id": 11, "id": 76}, {"segmentation": [[19, 22, 19, 199, 117, 199, 117, 22]], "area": 17346, "iscrowd": 0, "ignore": 0, "image_id": 20180000016, "bbox": [19, 22, 98, 177], "category_id": 1, "id": 77}, {"segmentation": [[130, 22, 130, 197, 224, 197, 224, 22]], "area": 16450, "iscrowd": 0, "ignore": 0, "image_id": 20180000016, "bbox": [130, 22, 94, 175], "category_id": 11, "id": 78}, {"segmentation": [[225, 168, 225, 196, 245, 196, 245, 168]], "area": 560, "iscrowd": 0, "ignore": 0, "image_id": 20180000016, "bbox": [225, 168, 20, 28], "category_id": 3, "id": 79}, {"segmentation": [[244, 18, 244, 200, 351, 200, 351, 18]], "area": 19474, "iscrowd": 0, "ignore": 0, "image_id": 20180000016, "bbox": [244, 18, 107, 182], "category_id": 9, "id": 80}, {"segmentation": [[363, 15, 363, 187, 469, 187, 469, 15]], "area": 18232, "iscrowd": 0, "ignore": 0, "image_id": 20180000016, "bbox": [363, 15, 106, 172], "category_id": 2, "id": 81}, {"segmentation": [[27, 24, 27, 177, 80, 177, 80, 24]], "area": 8109, "iscrowd": 0, "ignore": 0, "image_id": 20180000017, "bbox": [27, 24, 53, 153], "category_id": 4, "id": 82}, {"segmentation": [[94, 19, 94, 187, 208, 187, 208, 19]], "area": 19152, "iscrowd": 0, "ignore": 0, "image_id": 20180000017, "bbox": [94, 19, 114, 168], "category_id": 2, "id": 83}, {"segmentation": [[197, 166, 197, 188, 230, 188, 230, 166]], "area": 726, "iscrowd": 0, "ignore": 0, "image_id": 20180000017, "bbox": [197, 166, 33, 22], "category_id": 3, "id": 84}, {"segmentation": [[228, 20, 228, 189, 343, 189, 343, 20]], "area": 19435, "iscrowd": 0, "ignore": 0, "image_id": 20180000017, "bbox": [228, 20, 115, 169], "category_id": 2, "id": 85}, {"segmentation": [[362, 8, 362, 187, 479, 187, 479, 8]], "area": 20943, "iscrowd": 0, "ignore": 0, "image_id": 20180000017, "bbox": [362, 8, 117, 179], "category_id": 2, "id": 86}, {"segmentation": [[60, 13, 60, 194, 155, 194, 155, 13]], "area": 17195, "iscrowd": 0, "ignore": 0, "image_id": 20180000018, "bbox": [60, 13, 95, 181], "category_id": 9, "id": 87}, {"segmentation": [[165, 10, 165, 193, 252, 193, 252, 10]], "area": 15921, "iscrowd": 0, "ignore": 0, "image_id": 20180000018, "bbox": [165, 10, 87, 183], "category_id": 9, "id": 88}, {"segmentation": [[250, 172, 250, 195, 274, 195, 274, 172]], "area": 552, "iscrowd": 0, "ignore": 0, "image_id": 20180000018, "bbox": [250, 172, 24, 23], "category_id": 3, "id": 89}, {"segmentation": [[326, 20, 326, 184, 369, 184, 369, 20]], "area": 7052, "iscrowd": 0, "ignore": 0, "image_id": 20180000018, "bbox": [326, 20, 43, 164], "category_id": 4, "id": 90}, {"segmentation": [[385, 18, 385, 186, 477, 186, 477, 18]], "area": 15456, "iscrowd": 0, "ignore": 0, "image_id": 20180000018, "bbox": [385, 18, 92, 168], "category_id": 10, "id": 91}, {"segmentation": [[34, 11, 34, 199, 143, 199, 143, 11]], "area": 20492, "iscrowd": 0, "ignore": 0, "image_id": 20180000019, "bbox": [34, 11, 109, 188], "category_id": 9, "id": 92}, {"segmentation": [[155, 11, 155, 200, 252, 200, 252, 11]], "area": 18333, "iscrowd": 0, "ignore": 0, "image_id": 20180000019, "bbox": [155, 11, 97, 189], "category_id": 9, "id": 93}, {"segmentation": [[250, 163, 250, 195, 275, 195, 275, 163]], "area": 800, "iscrowd": 0, "ignore": 0, "image_id": 20180000019, "bbox": [250, 163, 25, 32], "category_id": 3, "id": 94}, {"segmentation": [[272, 13, 272, 190, 370, 190, 370, 13]], "area": 17346, "iscrowd": 0, "ignore": 0, "image_id": 20180000019, "bbox": [272, 13, 98, 177], "category_id": 11, "id": 95}, {"segmentation": [[394, 8, 394, 196, 498, 196, 498, 8]], "area": 19552, "iscrowd": 0, "ignore": 0, "image_id": 20180000019, "bbox": [394, 8, 104, 188], "category_id": 8, "id": 96}, {"segmentation": [[22, 4, 22, 194, 108, 194, 108, 4]], "area": 16340, "iscrowd": 0, "ignore": 0, "image_id": 20180000020, "bbox": [22, 4, 86, 190], "category_id": 9, "id": 97}, {"segmentation": [[123, 10, 123, 190, 208, 190, 208, 10]], "area": 15300, "iscrowd": 0, "ignore": 0, "image_id": 20180000020, "bbox": [123, 10, 85, 180], "category_id": 11, "id": 98}, {"segmentation": [[234, 17, 234, 187, 303, 187, 303, 17]], "area": 11730, "iscrowd": 0, "ignore": 0, "image_id": 20180000020, "bbox": [234, 17, 69, 170], "category_id": 7, "id": 99}, {"segmentation": [[290, 171, 290, 196, 320, 196, 320, 171]], "area": 750, "iscrowd": 0, "ignore": 0, "image_id": 20180000020, "bbox": [290, 171, 30, 25], "category_id": 3, "id": 100}, {"segmentation": [[324, 20, 324, 192, 406, 192, 406, 20]], "area": 14104, "iscrowd": 0, "ignore": 0, "image_id": 20180000020, "bbox": [324, 20, 82, 172], "category_id": 8, "id": 101}, {"segmentation": [[404, 21, 404, 196, 487, 196, 487, 21]], "area": 14525, "iscrowd": 0, "ignore": 0, "image_id": 20180000020, "bbox": [404, 21, 83, 175], "category_id": 8, "id": 102}, {"segmentation": [[35, 23, 35, 172, 84, 172, 84, 23]], "area": 7301, "iscrowd": 0, "ignore": 0, "image_id": 20180000021, "bbox": [35, 23, 49, 149], "category_id": 4, "id": 103}, {"segmentation": [[126, 9, 126, 187, 215, 187, 215, 9]], "area": 15842, "iscrowd": 0, "ignore": 0, "image_id": 20180000021, "bbox": [126, 9, 89, 178], "category_id": 1, "id": 104}, {"segmentation": [[255, 20, 255, 184, 352, 184, 352, 20]], "area": 15908, "iscrowd": 0, "ignore": 0, "image_id": 20180000021, "bbox": [255, 20, 97, 164], "category_id": 10, "id": 105}, {"segmentation": [[355, 149, 355, 185, 383, 185, 383, 149]], "area": 1008, "iscrowd": 0, "ignore": 0, "image_id": 20180000021, "bbox": [355, 149, 28, 36], "category_id": 3, "id": 106}, {"segmentation": [[389, 20, 389, 177, 481, 177, 481, 20]], "area": 14444, "iscrowd": 0, "ignore": 0, "image_id": 20180000021, "bbox": [389, 20, 92, 157], "category_id": 9, "id": 107}, {"segmentation": [[15, 16, 15, 200, 104, 200, 104, 16]], "area": 16376, "iscrowd": 0, "ignore": 0, "image_id": 20180000022, "bbox": [15, 16, 89, 184], "category_id": 9, "id": 108}, {"segmentation": [[115, 17, 115, 200, 201, 200, 201, 17]], "area": 15738, "iscrowd": 0, "ignore": 0, "image_id": 20180000022, "bbox": [115, 17, 86, 183], "category_id": 2, "id": 109}, {"segmentation": [[256, 19, 256, 200, 295, 200, 295, 19]], "area": 7059, "iscrowd": 0, "ignore": 0, "image_id": 20180000022, "bbox": [256, 19, 39, 181], "category_id": 4, "id": 110}, {"segmentation": [[288, 173, 288, 197, 311, 197, 311, 173]], "area": 552, "iscrowd": 0, "ignore": 0, "image_id": 20180000022, "bbox": [288, 173, 23, 24], "category_id": 3, "id": 111}, {"segmentation": [[307, 16, 307, 199, 393, 199, 393, 16]], "area": 15738, "iscrowd": 0, "ignore": 0, "image_id": 20180000022, "bbox": [307, 16, 86, 183], "category_id": 11, "id": 112}, {"segmentation": [[405, 16, 405, 195, 490, 195, 490, 16]], "area": 15215, "iscrowd": 0, "ignore": 0, "image_id": 20180000022, "bbox": [405, 16, 85, 179], "category_id": 11, "id": 113}, {"segmentation": [[25, 14, 25, 187, 130, 187, 130, 14]], "area": 18165, "iscrowd": 0, "ignore": 0, "image_id": 20180000023, "bbox": [25, 14, 105, 173], "category_id": 2, "id": 114}, {"segmentation": [[143, 14, 143, 190, 247, 190, 247, 14]], "area": 18304, "iscrowd": 0, "ignore": 0, "image_id": 20180000023, "bbox": [143, 14, 104, 176], "category_id": 2, "id": 115}, {"segmentation": [[323, 26, 323, 175, 368, 175, 368, 26]], "area": 6705, "iscrowd": 0, "ignore": 0, "image_id": 20180000023, "bbox": [323, 26, 45, 149], "category_id": 4, "id": 116}, {"segmentation": [[386, 21, 386, 186, 483, 186, 483, 21]], "area": 16005, "iscrowd": 0, "ignore": 0, "image_id": 20180000023, "bbox": [386, 21, 97, 165], "category_id": 8, "id": 117}, {"segmentation": [[38, 31, 38, 200, 142, 200, 142, 31]], "area": 17576, "iscrowd": 0, "ignore": 0, "image_id": 20180000024, "bbox": [38, 31, 104, 169], "category_id": 9, "id": 118}, {"segmentation": [[162, 25, 162, 200, 248, 200, 248, 25]], "area": 15050, "iscrowd": 0, "ignore": 0, "image_id": 20180000024, "bbox": [162, 25, 86, 175], "category_id": 1, "id": 119}, {"segmentation": [[247, 174, 247, 198, 270, 198, 270, 174]], "area": 552, "iscrowd": 0, "ignore": 0, "image_id": 20180000024, "bbox": [247, 174, 23, 24], "category_id": 3, "id": 120}, {"segmentation": [[271, 23, 271, 196, 367, 196, 367, 23]], "area": 16608, "iscrowd": 0, "ignore": 0, "image_id": 20180000024, "bbox": [271, 23, 96, 173], "category_id": 11, "id": 121}, {"segmentation": [[379, 22, 379, 200, 484, 200, 484, 22]], "area": 18690, "iscrowd": 0, "ignore": 0, "image_id": 20180000024, "bbox": [379, 22, 105, 178], "category_id": 9, "id": 122}, {"segmentation": [[46, 24, 46, 190, 145, 190, 145, 24]], "area": 16434, "iscrowd": 0, "ignore": 0, "image_id": 20180000025, "bbox": [46, 24, 99, 166], "category_id": 9, "id": 123}, {"segmentation": [[164, 24, 164, 190, 244, 190, 244, 24]], "area": 13280, "iscrowd": 0, "ignore": 0, "image_id": 20180000025, "bbox": [164, 24, 80, 166], "category_id": 1, "id": 124}, {"segmentation": [[241, 164, 241, 187, 266, 187, 266, 164]], "area": 575, "iscrowd": 0, "ignore": 0, "image_id": 20180000025, "bbox": [241, 164, 25, 23], "category_id": 3, "id": 125}, {"segmentation": [[263, 27, 263, 194, 360, 194, 360, 27]], "area": 16199, "iscrowd": 0, "ignore": 0, "image_id": 20180000025, "bbox": [263, 27, 97, 167], "category_id": 8, "id": 126}, {"segmentation": [[368, 19, 368, 194, 475, 194, 475, 19]], "area": 18725, "iscrowd": 0, "ignore": 0, "image_id": 20180000025, "bbox": [368, 19, 107, 175], "category_id": 9, "id": 127}, {"segmentation": [[20, 12, 20, 184, 151, 184, 151, 12]], "area": 22532, "iscrowd": 0, "ignore": 0, "image_id": 20180000026, "bbox": [20, 12, 131, 172], "category_id": 5, "id": 128}, {"segmentation": [[152, 162, 152, 187, 186, 187, 186, 162]], "area": 850, "iscrowd": 0, "ignore": 0, "image_id": 20180000026, "bbox": [152, 162, 34, 25], "category_id": 3, "id": 129}, {"segmentation": [[273, 16, 273, 178, 320, 178, 320, 16]], "area": 7614, "iscrowd": 0, "ignore": 0, "image_id": 20180000026, "bbox": [273, 16, 47, 162], "category_id": 4, "id": 130}, {"segmentation": [[350, 8, 350, 179, 491, 179, 491, 8]], "area": 24111, "iscrowd": 0, "ignore": 0, "image_id": 20180000026, "bbox": [350, 8, 141, 171], "category_id": 8, "id": 131}, {"segmentation": [[32, 6, 32, 189, 133, 189, 133, 6]], "area": 18483, "iscrowd": 0, "ignore": 0, "image_id": 20180000027, "bbox": [32, 6, 101, 183], "category_id": 1, "id": 132}, {"segmentation": [[140, 13, 140, 200, 232, 200, 232, 13]], "area": 17204, "iscrowd": 0, "ignore": 0, "image_id": 20180000027, "bbox": [140, 13, 92, 187], "category_id": 11, "id": 133}, {"segmentation": [[228, 160, 228, 189, 253, 189, 253, 160]], "area": 725, "iscrowd": 0, "ignore": 0, "image_id": 20180000027, "bbox": [228, 160, 25, 29], "category_id": 3, "id": 134}, {"segmentation": [[256, 15, 256, 189, 344, 189, 344, 15]], "area": 15312, "iscrowd": 0, "ignore": 0, "image_id": 20180000027, "bbox": [256, 15, 88, 174], "category_id": 11, "id": 135}, {"segmentation": [[363, 14, 363, 187, 464, 187, 464, 14]], "area": 17473, "iscrowd": 0, "ignore": 0, "image_id": 20180000027, "bbox": [363, 14, 101, 173], "category_id": 2, "id": 136}, {"segmentation": [[39, 25, 39, 194, 89, 194, 89, 25]], "area": 8450, "iscrowd": 0, "ignore": 0, "image_id": 20180000028, "bbox": [39, 25, 50, 169], "category_id": 4, "id": 137}, {"segmentation": [[122, 24, 122, 200, 203, 200, 203, 24]], "area": 14256, "iscrowd": 0, "ignore": 0, "image_id": 20180000028, "bbox": [122, 24, 81, 176], "category_id": 7, "id": 138}, {"segmentation": [[208, 21, 208, 200, 289, 200, 289, 21]], "area": 14499, "iscrowd": 0, "ignore": 0, "image_id": 20180000028, "bbox": [208, 21, 81, 179], "category_id": 11, "id": 139}, {"segmentation": [[286, 181, 286, 200, 313, 200, 313, 181]], "area": 513, "iscrowd": 0, "ignore": 0, "image_id": 20180000028, "bbox": [286, 181, 27, 19], "category_id": 3, "id": 140}, {"segmentation": [[334, 25, 334, 200, 407, 200, 407, 25]], "area": 12775, "iscrowd": 0, "ignore": 0, "image_id": 20180000028, "bbox": [334, 25, 73, 175], "category_id": 7, "id": 141}, {"segmentation": [[406, 25, 406, 198, 479, 198, 479, 25]], "area": 12629, "iscrowd": 0, "ignore": 0, "image_id": 20180000028, "bbox": [406, 25, 73, 173], "category_id": 6, "id": 142}, {"segmentation": [[11, 10, 11, 181, 115, 181, 115, 10]], "area": 17784, "iscrowd": 0, "ignore": 0, "image_id": 20180000029, "bbox": [11, 10, 104, 171], "category_id": 9, "id": 143}, {"segmentation": [[138, 10, 138, 179, 222, 179, 222, 10]], "area": 14196, "iscrowd": 0, "ignore": 0, "image_id": 20180000029, "bbox": [138, 10, 84, 169], "category_id": 7, "id": 144}, {"segmentation": [[217, 151, 217, 182, 243, 182, 243, 151]], "area": 806, "iscrowd": 0, "ignore": 0, "image_id": 20180000029, "bbox": [217, 151, 26, 31], "category_id": 3, "id": 145}, {"segmentation": [[303, 16, 303, 179, 344, 179, 344, 16]], "area": 6683, "iscrowd": 0, "ignore": 0, "image_id": 20180000029, "bbox": [303, 16, 41, 163], "category_id": 4, "id": 146}, {"segmentation": [[353, 9, 353, 184, 451, 184, 451, 9]], "area": 17150, "iscrowd": 0, "ignore": 0, "image_id": 20180000029, "bbox": [353, 9, 98, 175], "category_id": 8, "id": 147}, {"segmentation": [[16, 12, 16, 179, 130, 179, 130, 12]], "area": 19038, "iscrowd": 0, "ignore": 0, "image_id": 20180000030, "bbox": [16, 12, 114, 167], "category_id": 1, "id": 148}, {"segmentation": [[150, 12, 150, 175, 243, 175, 243, 12]], "area": 15159, "iscrowd": 0, "ignore": 0, "image_id": 20180000030, "bbox": [150, 12, 93, 163], "category_id": 7, "id": 149}, {"segmentation": [[234, 152, 234, 182, 255, 182, 255, 152]], "area": 630, "iscrowd": 0, "ignore": 0, "image_id": 20180000030, "bbox": [234, 152, 21, 30], "category_id": 3, "id": 150}, {"segmentation": [[258, 14, 258, 182, 365, 182, 365, 14]], "area": 17976, "iscrowd": 0, "ignore": 0, "image_id": 20180000030, "bbox": [258, 14, 107, 168], "category_id": 11, "id": 151}, {"segmentation": [[383, 12, 383, 185, 491, 185, 491, 12]], "area": 18684, "iscrowd": 0, "ignore": 0, "image_id": 20180000030, "bbox": [383, 12, 108, 173], "category_id": 6, "id": 152}, {"segmentation": [[19, 4, 19, 191, 134, 191, 134, 4]], "area": 21505, "iscrowd": 0, "ignore": 0, "image_id": 20180000031, "bbox": [19, 4, 115, 187], "category_id": 9, "id": 153}, {"segmentation": [[146, 2, 146, 195, 238, 195, 238, 2]], "area": 17756, "iscrowd": 0, "ignore": 0, "image_id": 20180000031, "bbox": [146, 2, 92, 193], "category_id": 6, "id": 154}, {"segmentation": [[235, 158, 235, 195, 263, 195, 263, 158]], "area": 1036, "iscrowd": 0, "ignore": 0, "image_id": 20180000031, "bbox": [235, 158, 28, 37], "category_id": 3, "id": 155}, {"segmentation": [[259, 9, 259, 185, 364, 185, 364, 9]], "area": 18480, "iscrowd": 0, "ignore": 0, "image_id": 20180000031, "bbox": [259, 9, 105, 176], "category_id": 2, "id": 156}, {"segmentation": [[372, 8, 372, 187, 477, 187, 477, 8]], "area": 18795, "iscrowd": 0, "ignore": 0, "image_id": 20180000031, "bbox": [372, 8, 105, 179], "category_id": 9, "id": 157}, {"segmentation": [[37, 39, 37, 171, 82, 171, 82, 39]], "area": 5940, "iscrowd": 0, "ignore": 0, "image_id": 20180000032, "bbox": [37, 39, 45, 132], "category_id": 4, "id": 158}, {"segmentation": [[125, 35, 125, 177, 222, 177, 222, 35]], "area": 13774, "iscrowd": 0, "ignore": 0, "image_id": 20180000032, "bbox": [125, 35, 97, 142], "category_id": 8, "id": 159}, {"segmentation": [[267, 30, 267, 181, 363, 181, 363, 30]], "area": 14496, "iscrowd": 0, "ignore": 0, "image_id": 20180000032, "bbox": [267, 30, 96, 151], "category_id": 1, "id": 160}, {"segmentation": [[367, 147, 367, 177, 395, 177, 395, 147]], "area": 840, "iscrowd": 0, "ignore": 0, "image_id": 20180000032, "bbox": [367, 147, 28, 30], "category_id": 3, "id": 161}, {"segmentation": [[402, 29, 402, 178, 495, 178, 495, 29]], "area": 13857, "iscrowd": 0, "ignore": 0, "image_id": 20180000032, "bbox": [402, 29, 93, 149], "category_id": 6, "id": 162}, {"segmentation": [[20, 9, 20, 196, 104, 196, 104, 9]], "area": 15708, "iscrowd": 0, "ignore": 0, "image_id": 20180000033, "bbox": [20, 9, 84, 187], "category_id": 11, "id": 163}, {"segmentation": [[164, 19, 164, 190, 211, 190, 211, 19]], "area": 8037, "iscrowd": 0, "ignore": 0, "image_id": 20180000033, "bbox": [164, 19, 47, 171], "category_id": 4, "id": 164}, {"segmentation": [[229, 9, 229, 200, 303, 200, 303, 9]], "area": 14134, "iscrowd": 0, "ignore": 0, "image_id": 20180000033, "bbox": [229, 9, 74, 191], "category_id": 1, "id": 165}, {"segmentation": [[330, 14, 330, 193, 402, 193, 402, 14]], "area": 12888, "iscrowd": 0, "ignore": 0, "image_id": 20180000033, "bbox": [330, 14, 72, 179], "category_id": 1, "id": 166}, {"segmentation": [[423, 15, 423, 195, 497, 195, 497, 15]], "area": 13320, "iscrowd": 0, "ignore": 0, "image_id": 20180000033, "bbox": [423, 15, 74, 180], "category_id": 2, "id": 167}, {"segmentation": [[18, 14, 18, 182, 72, 182, 72, 14]], "area": 9072, "iscrowd": 0, "ignore": 0, "image_id": 20180000034, "bbox": [18, 14, 54, 168], "category_id": 4, "id": 168}, {"segmentation": [[90, 10, 90, 183, 201, 183, 201, 10]], "area": 19203, "iscrowd": 0, "ignore": 0, "image_id": 20180000034, "bbox": [90, 10, 111, 173], "category_id": 10, "id": 169}, {"segmentation": [[185, 168, 185, 193, 214, 193, 214, 168]], "area": 725, "iscrowd": 0, "ignore": 0, "image_id": 20180000034, "bbox": [185, 168, 29, 25], "category_id": 3, "id": 170}, {"segmentation": [[288, 16, 288, 200, 344, 200, 344, 16]], "area": 10304, "iscrowd": 0, "ignore": 0, "image_id": 20180000034, "bbox": [288, 16, 56, 184], "category_id": 4, "id": 171}, {"segmentation": [[356, 5, 356, 200, 478, 200, 478, 5]], "area": 23790, "iscrowd": 0, "ignore": 0, "image_id": 20180000034, "bbox": [356, 5, 122, 195], "category_id": 1, "id": 172}, {"segmentation": [[35, 19, 35, 169, 80, 169, 80, 19]], "area": 6750, "iscrowd": 0, "ignore": 0, "image_id": 20180000035, "bbox": [35, 19, 45, 150], "category_id": 4, "id": 173}, {"segmentation": [[96, 5, 96, 181, 203, 181, 203, 5]], "area": 18832, "iscrowd": 0, "ignore": 0, "image_id": 20180000035, "bbox": [96, 5, 107, 176], "category_id": 9, "id": 174}, {"segmentation": [[199, 157, 199, 183, 231, 183, 231, 157]], "area": 832, "iscrowd": 0, "ignore": 0, "image_id": 20180000035, "bbox": [199, 157, 32, 26], "category_id": 3, "id": 175}, {"segmentation": [[233, 9, 233, 171, 344, 171, 344, 9]], "area": 17982, "iscrowd": 0, "ignore": 0, "image_id": 20180000035, "bbox": [233, 9, 111, 162], "category_id": 10, "id": 176}, {"segmentation": [[365, 12, 365, 172, 471, 172, 471, 12]], "area": 16960, "iscrowd": 0, "ignore": 0, "image_id": 20180000035, "bbox": [365, 12, 106, 160], "category_id": 10, "id": 177}, {"segmentation": [[8, 15, 8, 190, 112, 190, 112, 15]], "area": 18200, "iscrowd": 0, "ignore": 0, "image_id": 20180000036, "bbox": [8, 15, 104, 175], "category_id": 9, "id": 178}, {"segmentation": [[132, 14, 132, 197, 225, 197, 225, 14]], "area": 17019, "iscrowd": 0, "ignore": 0, "image_id": 20180000036, "bbox": [132, 14, 93, 183], "category_id": 6, "id": 179}, {"segmentation": [[223, 166, 223, 197, 251, 197, 251, 166]], "area": 868, "iscrowd": 0, "ignore": 0, "image_id": 20180000036, "bbox": [223, 166, 28, 31], "category_id": 3, "id": 180}, {"segmentation": [[262, 13, 262, 188, 356, 188, 356, 13]], "area": 16450, "iscrowd": 0, "ignore": 0, "image_id": 20180000036, "bbox": [262, 13, 94, 175], "category_id": 7, "id": 181}, {"segmentation": [[369, 12, 369, 191, 473, 191, 473, 12]], "area": 18616, "iscrowd": 0, "ignore": 0, "image_id": 20180000036, "bbox": [369, 12, 104, 179], "category_id": 8, "id": 182}, {"segmentation": [[13, 15, 13, 187, 125, 187, 125, 15]], "area": 19264, "iscrowd": 0, "ignore": 0, "image_id": 20180000037, "bbox": [13, 15, 112, 172], "category_id": 2, "id": 183}, {"segmentation": [[190, 22, 190, 185, 245, 185, 245, 22]], "area": 8965, "iscrowd": 0, "ignore": 0, "image_id": 20180000037, "bbox": [190, 22, 55, 163], "category_id": 4, "id": 184}, {"segmentation": [[257, 11, 257, 198, 366, 198, 366, 11]], "area": 20383, "iscrowd": 0, "ignore": 0, "image_id": 20180000037, "bbox": [257, 11, 109, 187], "category_id": 9, "id": 185}, {"segmentation": [[377, 7, 377, 191, 486, 191, 486, 7]], "area": 20056, "iscrowd": 0, "ignore": 0, "image_id": 20180000037, "bbox": [377, 7, 109, 184], "category_id": 8, "id": 186}, {"segmentation": [[10, 18, 10, 172, 68, 172, 68, 18]], "area": 8932, "iscrowd": 0, "ignore": 0, "image_id": 20180000038, "bbox": [10, 18, 58, 154], "category_id": 2, "id": 187}, {"segmentation": [[72, 20, 72, 175, 126, 175, 126, 20]], "area": 8370, "iscrowd": 0, "ignore": 0, "image_id": 20180000038, "bbox": [72, 20, 54, 155], "category_id": 2, "id": 188}, {"segmentation": [[138, 25, 138, 175, 192, 175, 192, 25]], "area": 8100, "iscrowd": 0, "ignore": 0, "image_id": 20180000038, "bbox": [138, 25, 54, 150], "category_id": 2, "id": 189}, {"segmentation": [[205, 26, 205, 171, 256, 171, 256, 26]], "area": 7395, "iscrowd": 0, "ignore": 0, "image_id": 20180000038, "bbox": [205, 26, 51, 145], "category_id": 7, "id": 190}, {"segmentation": [[261, 27, 261, 174, 317, 174, 317, 27]], "area": 8232, "iscrowd": 0, "ignore": 0, "image_id": 20180000038, "bbox": [261, 27, 56, 147], "category_id": 6, "id": 191}, {"segmentation": [[356, 35, 356, 171, 374, 171, 374, 35]], "area": 2448, "iscrowd": 0, "ignore": 0, "image_id": 20180000038, "bbox": [356, 35, 18, 136], "category_id": 4, "id": 192}, {"segmentation": [[372, 161, 372, 180, 383, 180, 383, 161]], "area": 209, "iscrowd": 0, "ignore": 0, "image_id": 20180000038, "bbox": [372, 161, 11, 19], "category_id": 3, "id": 193}, {"segmentation": [[387, 35, 387, 181, 439, 181, 439, 35]], "area": 7592, "iscrowd": 0, "ignore": 0, "image_id": 20180000038, "bbox": [387, 35, 52, 146], "category_id": 1, "id": 194}, {"segmentation": [[451, 29, 451, 184, 499, 184, 499, 29]], "area": 7440, "iscrowd": 0, "ignore": 0, "image_id": 20180000038, "bbox": [451, 29, 48, 155], "category_id": 1, "id": 195}, {"segmentation": [[55, 23, 55, 186, 171, 186, 171, 23]], "area": 18908, "iscrowd": 0, "ignore": 0, "image_id": 20180000039, "bbox": [55, 23, 116, 163], "category_id": 5, "id": 196}, {"segmentation": [[164, 171, 164, 192, 196, 192, 196, 171]], "area": 672, "iscrowd": 0, "ignore": 0, "image_id": 20180000039, "bbox": [164, 171, 32, 21], "category_id": 3, "id": 197}, {"segmentation": [[215, 24, 215, 186, 323, 186, 323, 24]], "area": 17496, "iscrowd": 0, "ignore": 0, "image_id": 20180000039, "bbox": [215, 24, 108, 162], "category_id": 7, "id": 198}, {"segmentation": [[422, 38, 422, 184, 468, 184, 468, 38]], "area": 6716, "iscrowd": 0, "ignore": 0, "image_id": 20180000039, "bbox": [422, 38, 46, 146], "category_id": 4, "id": 199}, {"segmentation": [[31, 16, 31, 200, 106, 200, 106, 16]], "area": 13800, "iscrowd": 0, "ignore": 0, "image_id": 20180000040, "bbox": [31, 16, 75, 184], "category_id": 7, "id": 200}, {"segmentation": [[126, 18, 126, 195, 201, 195, 201, 18]], "area": 13275, "iscrowd": 0, "ignore": 0, "image_id": 20180000040, "bbox": [126, 18, 75, 177], "category_id": 1, "id": 201}, {"segmentation": [[210, 13, 210, 200, 277, 200, 277, 13]], "area": 12529, "iscrowd": 0, "ignore": 0, "image_id": 20180000040, "bbox": [210, 13, 67, 187], "category_id": 2, "id": 202}, {"segmentation": [[278, 176, 278, 199, 304, 199, 304, 176]], "area": 598, "iscrowd": 0, "ignore": 0, "image_id": 20180000040, "bbox": [278, 176, 26, 23], "category_id": 3, "id": 203}, {"segmentation": [[307, 15, 307, 196, 381, 196, 381, 15]], "area": 13394, "iscrowd": 0, "ignore": 0, "image_id": 20180000040, "bbox": [307, 15, 74, 181], "category_id": 5, "id": 204}, {"segmentation": [[384, 11, 384, 199, 455, 199, 455, 11]], "area": 13348, "iscrowd": 0, "ignore": 0, "image_id": 20180000040, "bbox": [384, 11, 71, 188], "category_id": 1, "id": 205}, {"segmentation": [[15, 33, 15, 187, 118, 187, 118, 33]], "area": 15862, "iscrowd": 0, "ignore": 0, "image_id": 20180000041, "bbox": [15, 33, 103, 154], "category_id": 9, "id": 206}, {"segmentation": [[196, 33, 196, 181, 237, 181, 237, 33]], "area": 6068, "iscrowd": 0, "ignore": 0, "image_id": 20180000041, "bbox": [196, 33, 41, 148], "category_id": 4, "id": 207}, {"segmentation": [[233, 167, 233, 187, 259, 187, 259, 167]], "area": 520, "iscrowd": 0, "ignore": 0, "image_id": 20180000041, "bbox": [233, 167, 26, 20], "category_id": 3, "id": 208}, {"segmentation": [[262, 32, 262, 186, 361, 186, 361, 32]], "area": 15246, "iscrowd": 0, "ignore": 0, "image_id": 20180000041, "bbox": [262, 32, 99, 154], "category_id": 6, "id": 209}, {"segmentation": [[375, 32, 375, 190, 490, 190, 490, 32]], "area": 18170, "iscrowd": 0, "ignore": 0, "image_id": 20180000041, "bbox": [375, 32, 115, 158], "category_id": 2, "id": 210}, {"segmentation": [[17, 22, 17, 184, 58, 184, 58, 22]], "area": 6642, "iscrowd": 0, "ignore": 0, "image_id": 20180000042, "bbox": [17, 22, 41, 162], "category_id": 4, "id": 211}, {"segmentation": [[82, 13, 82, 191, 184, 191, 184, 13]], "area": 18156, "iscrowd": 0, "ignore": 0, "image_id": 20180000042, "bbox": [82, 13, 102, 178], "category_id": 6, "id": 212}, {"segmentation": [[183, 166, 183, 192, 211, 192, 211, 166]], "area": 728, "iscrowd": 0, "ignore": 0, "image_id": 20180000042, "bbox": [183, 166, 28, 26], "category_id": 3, "id": 213}, {"segmentation": [[286, 18, 286, 186, 328, 186, 328, 18]], "area": 7056, "iscrowd": 0, "ignore": 0, "image_id": 20180000042, "bbox": [286, 18, 42, 168], "category_id": 4, "id": 214}, {"segmentation": [[349, 15, 349, 185, 460, 185, 460, 15]], "area": 18870, "iscrowd": 0, "ignore": 0, "image_id": 20180000042, "bbox": [349, 15, 111, 170], "category_id": 10, "id": 215}, {"segmentation": [[25, 33, 25, 173, 106, 173, 106, 33]], "area": 11340, "iscrowd": 0, "ignore": 0, "image_id": 20180000043, "bbox": [25, 33, 81, 140], "category_id": 1, "id": 216}, {"segmentation": [[144, 33, 144, 178, 237, 178, 237, 33]], "area": 13485, "iscrowd": 0, "ignore": 0, "image_id": 20180000043, "bbox": [144, 33, 93, 145], "category_id": 2, "id": 217}, {"segmentation": [[241, 141, 241, 172, 264, 172, 264, 141]], "area": 713, "iscrowd": 0, "ignore": 0, "image_id": 20180000043, "bbox": [241, 141, 23, 31], "category_id": 3, "id": 218}, {"segmentation": [[328, 35, 328, 161, 366, 161, 366, 35]], "area": 4788, "iscrowd": 0, "ignore": 0, "image_id": 20180000043, "bbox": [328, 35, 38, 126], "category_id": 4, "id": 219}, {"segmentation": [[402, 25, 402, 164, 487, 164, 487, 25]], "area": 11815, "iscrowd": 0, "ignore": 0, "image_id": 20180000043, "bbox": [402, 25, 85, 139], "category_id": 5, "id": 220}, {"segmentation": [[18, 15, 18, 196, 106, 196, 106, 15]], "area": 15928, "iscrowd": 0, "ignore": 0, "image_id": 20180000044, "bbox": [18, 15, 88, 181], "category_id": 9, "id": 221}, {"segmentation": [[125, 20, 125, 197, 208, 197, 208, 20]], "area": 14691, "iscrowd": 0, "ignore": 0, "image_id": 20180000044, "bbox": [125, 20, 83, 177], "category_id": 1, "id": 222}, {"segmentation": [[212, 17, 212, 192, 291, 192, 291, 17]], "area": 13825, "iscrowd": 0, "ignore": 0, "image_id": 20180000044, "bbox": [212, 17, 79, 175], "category_id": 8, "id": 223}, {"segmentation": [[288, 178, 288, 198, 314, 198, 314, 178]], "area": 520, "iscrowd": 0, "ignore": 0, "image_id": 20180000044, "bbox": [288, 178, 26, 20], "category_id": 3, "id": 224}, {"segmentation": [[330, 15, 330, 199, 397, 199, 397, 15]], "area": 12328, "iscrowd": 0, "ignore": 0, "image_id": 20180000044, "bbox": [330, 15, 67, 184], "category_id": 7, "id": 225}, {"segmentation": [[397, 13, 397, 200, 475, 200, 475, 13]], "area": 14586, "iscrowd": 0, "ignore": 0, "image_id": 20180000044, "bbox": [397, 13, 78, 187], "category_id": 9, "id": 226}, {"segmentation": [[26, 11, 26, 195, 134, 195, 134, 11]], "area": 19872, "iscrowd": 0, "ignore": 0, "image_id": 20180000045, "bbox": [26, 11, 108, 184], "category_id": 9, "id": 227}, {"segmentation": [[149, 10, 149, 200, 236, 200, 236, 10]], "area": 16530, "iscrowd": 0, "ignore": 0, "image_id": 20180000045, "bbox": [149, 10, 87, 190], "category_id": 6, "id": 228}, {"segmentation": [[233, 169, 233, 197, 253, 197, 253, 169]], "area": 560, "iscrowd": 0, "ignore": 0, "image_id": 20180000045, "bbox": [233, 169, 20, 28], "category_id": 3, "id": 229}, {"segmentation": [[257, 11, 257, 200, 358, 200, 358, 11]], "area": 19089, "iscrowd": 0, "ignore": 0, "image_id": 20180000045, "bbox": [257, 11, 101, 189], "category_id": 9, "id": 230}, {"segmentation": [[375, 8, 375, 198, 474, 198, 474, 8]], "area": 18810, "iscrowd": 0, "ignore": 0, "image_id": 20180000045, "bbox": [375, 8, 99, 190], "category_id": 10, "id": 231}, {"segmentation": [[47, 38, 47, 185, 94, 185, 94, 38]], "area": 6909, "iscrowd": 0, "ignore": 0, "image_id": 20180000046, "bbox": [47, 38, 47, 147], "category_id": 4, "id": 232}, {"segmentation": [[143, 38, 143, 180, 222, 180, 222, 38]], "area": 11218, "iscrowd": 0, "ignore": 0, "image_id": 20180000046, "bbox": [143, 38, 79, 142], "category_id": 7, "id": 233}, {"segmentation": [[257, 38, 257, 182, 351, 182, 351, 38]], "area": 13536, "iscrowd": 0, "ignore": 0, "image_id": 20180000046, "bbox": [257, 38, 94, 144], "category_id": 5, "id": 234}, {"segmentation": [[357, 157, 357, 184, 386, 184, 386, 157]], "area": 783, "iscrowd": 0, "ignore": 0, "image_id": 20180000046, "bbox": [357, 157, 29, 27], "category_id": 3, "id": 235}, {"segmentation": [[39, 27, 39, 181, 81, 181, 81, 27]], "area": 6468, "iscrowd": 0, "ignore": 0, "image_id": 20180000047, "bbox": [39, 27, 42, 154], "category_id": 4, "id": 236}, {"segmentation": [[94, 10, 94, 189, 204, 189, 204, 10]], "area": 19690, "iscrowd": 0, "ignore": 0, "image_id": 20180000047, "bbox": [94, 10, 110, 179], "category_id": 8, "id": 237}, {"segmentation": [[198, 163, 198, 188, 223, 188, 223, 163]], "area": 625, "iscrowd": 0, "ignore": 0, "image_id": 20180000047, "bbox": [198, 163, 25, 25], "category_id": 3, "id": 238}, {"segmentation": [[292, 22, 292, 180, 332, 180, 332, 22]], "area": 6320, "iscrowd": 0, "ignore": 0, "image_id": 20180000047, "bbox": [292, 22, 40, 158], "category_id": 4, "id": 239}, {"segmentation": [[347, 14, 347, 185, 458, 185, 458, 14]], "area": 18981, "iscrowd": 0, "ignore": 0, "image_id": 20180000047, "bbox": [347, 14, 111, 171], "category_id": 2, "id": 240}, {"segmentation": [[17, 13, 17, 187, 122, 187, 122, 13]], "area": 18270, "iscrowd": 0, "ignore": 0, "image_id": 20180000048, "bbox": [17, 13, 105, 174], "category_id": 2, "id": 241}, {"segmentation": [[138, 5, 138, 187, 248, 187, 248, 5]], "area": 20020, "iscrowd": 0, "ignore": 0, "image_id": 20180000048, "bbox": [138, 5, 110, 182], "category_id": 2, "id": 242}, {"segmentation": [[259, 11, 259, 186, 362, 186, 362, 11]], "area": 18025, "iscrowd": 0, "ignore": 0, "image_id": 20180000048, "bbox": [259, 11, 103, 175], "category_id": 2, "id": 243}, {"segmentation": [[377, 10, 377, 184, 482, 184, 482, 10]], "area": 18270, "iscrowd": 0, "ignore": 0, "image_id": 20180000048, "bbox": [377, 10, 105, 174], "category_id": 2, "id": 244}, {"segmentation": [[3, 5, 3, 192, 105, 192, 105, 5]], "area": 19074, "iscrowd": 0, "ignore": 0, "image_id": 20180000049, "bbox": [3, 5, 102, 187], "category_id": 1, "id": 245}, {"segmentation": [[138, 5, 138, 191, 228, 191, 228, 5]], "area": 16740, "iscrowd": 0, "ignore": 0, "image_id": 20180000049, "bbox": [138, 5, 90, 186], "category_id": 7, "id": 246}, {"segmentation": [[216, 168, 216, 196, 245, 196, 245, 168]], "area": 812, "iscrowd": 0, "ignore": 0, "image_id": 20180000049, "bbox": [216, 168, 29, 28], "category_id": 3, "id": 247}, {"segmentation": [[244, 9, 244, 191, 354, 191, 354, 9]], "area": 20020, "iscrowd": 0, "ignore": 0, "image_id": 20180000049, "bbox": [244, 9, 110, 182], "category_id": 2, "id": 248}, {"segmentation": [[368, 7, 368, 192, 481, 192, 481, 7]], "area": 20905, "iscrowd": 0, "ignore": 0, "image_id": 20180000049, "bbox": [368, 7, 113, 185], "category_id": 2, "id": 249}, {"segmentation": [[42, 14, 42, 183, 167, 183, 167, 14]], "area": 21125, "iscrowd": 0, "ignore": 0, "image_id": 20180000050, "bbox": [42, 14, 125, 169], "category_id": 2, "id": 250}, {"segmentation": [[163, 162, 163, 184, 191, 184, 191, 162]], "area": 616, "iscrowd": 0, "ignore": 0, "image_id": 20180000050, "bbox": [163, 162, 28, 22], "category_id": 3, "id": 251}, {"segmentation": [[190, 8, 190, 188, 319, 188, 319, 8]], "area": 23220, "iscrowd": 0, "ignore": 0, "image_id": 20180000050, "bbox": [190, 8, 129, 180], "category_id": 2, "id": 252}, {"segmentation": [[337, 8, 337, 189, 469, 189, 469, 8]], "area": 23892, "iscrowd": 0, "ignore": 0, "image_id": 20180000050, "bbox": [337, 8, 132, 181], "category_id": 2, "id": 253}, {"segmentation": [[14, 28, 14, 185, 65, 185, 65, 28]], "area": 8007, "iscrowd": 0, "ignore": 0, "image_id": 20180000051, "bbox": [14, 28, 51, 157], "category_id": 4, "id": 254}, {"segmentation": [[86, 17, 86, 194, 193, 194, 193, 17]], "area": 18939, "iscrowd": 0, "ignore": 0, "image_id": 20180000051, "bbox": [86, 17, 107, 177], "category_id": 1, "id": 255}, {"segmentation": [[190, 169, 190, 197, 217, 197, 217, 169]], "area": 756, "iscrowd": 0, "ignore": 0, "image_id": 20180000051, "bbox": [190, 169, 27, 28], "category_id": 3, "id": 256}, {"segmentation": [[223, 14, 223, 198, 344, 198, 344, 14]], "area": 22264, "iscrowd": 0, "ignore": 0, "image_id": 20180000051, "bbox": [223, 14, 121, 184], "category_id": 5, "id": 257}, {"segmentation": [[356, 14, 356, 195, 485, 195, 485, 14]], "area": 23349, "iscrowd": 0, "ignore": 0, "image_id": 20180000051, "bbox": [356, 14, 129, 181], "category_id": 11, "id": 258}, {"segmentation": [[64, 37, 64, 172, 112, 172, 112, 37]], "area": 6480, "iscrowd": 0, "ignore": 0, "image_id": 20180000052, "bbox": [64, 37, 48, 135], "category_id": 4, "id": 259}, {"segmentation": [[150, 28, 150, 184, 235, 184, 235, 28]], "area": 13260, "iscrowd": 0, "ignore": 0, "image_id": 20180000052, "bbox": [150, 28, 85, 156], "category_id": 1, "id": 260}, {"segmentation": [[270, 27, 270, 185, 360, 185, 360, 27]], "area": 14220, "iscrowd": 0, "ignore": 0, "image_id": 20180000052, "bbox": [270, 27, 90, 158], "category_id": 10, "id": 261}, {"segmentation": [[360, 158, 360, 188, 386, 188, 386, 158]], "area": 780, "iscrowd": 0, "ignore": 0, "image_id": 20180000052, "bbox": [360, 158, 26, 30], "category_id": 3, "id": 262}, {"segmentation": [[397, 33, 397, 183, 482, 183, 482, 33]], "area": 12750, "iscrowd": 0, "ignore": 0, "image_id": 20180000052, "bbox": [397, 33, 85, 150], "category_id": 9, "id": 263}, {"segmentation": [[28, 29, 28, 200, 136, 200, 136, 29]], "area": 18468, "iscrowd": 0, "ignore": 0, "image_id": 20180000053, "bbox": [28, 29, 108, 171], "category_id": 1, "id": 264}, {"segmentation": [[207, 44, 207, 188, 247, 188, 247, 44]], "area": 5760, "iscrowd": 0, "ignore": 0, "image_id": 20180000053, "bbox": [207, 44, 40, 144], "category_id": 4, "id": 265}, {"segmentation": [[243, 168, 243, 192, 266, 192, 266, 168]], "area": 552, "iscrowd": 0, "ignore": 0, "image_id": 20180000053, "bbox": [243, 168, 23, 24], "category_id": 3, "id": 266}, {"segmentation": [[264, 26, 264, 196, 366, 196, 366, 26]], "area": 17340, "iscrowd": 0, "ignore": 0, "image_id": 20180000053, "bbox": [264, 26, 102, 170], "category_id": 8, "id": 267}, {"segmentation": [[380, 27, 380, 194, 485, 194, 485, 27]], "area": 17535, "iscrowd": 0, "ignore": 0, "image_id": 20180000053, "bbox": [380, 27, 105, 167], "category_id": 9, "id": 268}, {"segmentation": [[54, 16, 54, 200, 189, 200, 189, 16]], "area": 24840, "iscrowd": 0, "ignore": 0, "image_id": 20180000054, "bbox": [54, 16, 135, 184], "category_id": 2, "id": 269}, {"segmentation": [[178, 170, 178, 198, 208, 198, 208, 170]], "area": 840, "iscrowd": 0, "ignore": 0, "image_id": 20180000054, "bbox": [178, 170, 30, 28], "category_id": 3, "id": 270}, {"segmentation": [[209, 14, 209, 200, 350, 200, 350, 14]], "area": 26226, "iscrowd": 0, "ignore": 0, "image_id": 20180000054, "bbox": [209, 14, 141, 186], "category_id": 2, "id": 271}, {"segmentation": [[365, 15, 365, 200, 499, 200, 499, 15]], "area": 24790, "iscrowd": 0, "ignore": 0, "image_id": 20180000054, "bbox": [365, 15, 134, 185], "category_id": 2, "id": 272}, {"segmentation": [[36, 18, 36, 181, 121, 181, 121, 18]], "area": 13855, "iscrowd": 0, "ignore": 0, "image_id": 20180000055, "bbox": [36, 18, 85, 163], "category_id": 9, "id": 273}, {"segmentation": [[130, 15, 130, 181, 214, 181, 214, 15]], "area": 13944, "iscrowd": 0, "ignore": 0, "image_id": 20180000055, "bbox": [130, 15, 84, 166], "category_id": 11, "id": 274}, {"segmentation": [[221, 19, 221, 172, 298, 172, 298, 19]], "area": 11781, "iscrowd": 0, "ignore": 0, "image_id": 20180000055, "bbox": [221, 19, 77, 153], "category_id": 10, "id": 275}, {"segmentation": [[293, 155, 293, 180, 315, 180, 315, 155]], "area": 550, "iscrowd": 0, "ignore": 0, "image_id": 20180000055, "bbox": [293, 155, 22, 25], "category_id": 3, "id": 276}, {"segmentation": [[312, 12, 312, 177, 391, 177, 391, 12]], "area": 13035, "iscrowd": 0, "ignore": 0, "image_id": 20180000055, "bbox": [312, 12, 79, 165], "category_id": 5, "id": 277}, {"segmentation": [[400, 14, 400, 180, 483, 180, 483, 14]], "area": 13778, "iscrowd": 0, "ignore": 0, "image_id": 20180000055, "bbox": [400, 14, 83, 166], "category_id": 5, "id": 278}, {"segmentation": [[30, 23, 30, 171, 66, 171, 66, 23]], "area": 5328, "iscrowd": 0, "ignore": 0, "image_id": 20180000056, "bbox": [30, 23, 36, 148], "category_id": 4, "id": 279}, {"segmentation": [[74, 13, 74, 186, 164, 186, 164, 13]], "area": 15570, "iscrowd": 0, "ignore": 0, "image_id": 20180000056, "bbox": [74, 13, 90, 173], "category_id": 11, "id": 280}, {"segmentation": [[176, 17, 176, 183, 260, 183, 260, 17]], "area": 13944, "iscrowd": 0, "ignore": 0, "image_id": 20180000056, "bbox": [176, 17, 84, 166], "category_id": 8, "id": 281}, {"segmentation": [[259, 163, 259, 189, 281, 189, 281, 163]], "area": 572, "iscrowd": 0, "ignore": 0, "image_id": 20180000056, "bbox": [259, 163, 22, 26], "category_id": 3, "id": 282}, {"segmentation": [[285, 14, 285, 182, 372, 182, 372, 14]], "area": 14616, "iscrowd": 0, "ignore": 0, "image_id": 20180000056, "bbox": [285, 14, 87, 168], "category_id": 6, "id": 283}, {"segmentation": [[382, 12, 382, 186, 478, 186, 478, 12]], "area": 16704, "iscrowd": 0, "ignore": 0, "image_id": 20180000056, "bbox": [382, 12, 96, 174], "category_id": 2, "id": 284}, {"segmentation": [[41, 13, 41, 183, 90, 183, 90, 13]], "area": 8330, "iscrowd": 0, "ignore": 0, "image_id": 20180000057, "bbox": [41, 13, 49, 170], "category_id": 4, "id": 285}, {"segmentation": [[129, 3, 129, 189, 230, 189, 230, 3]], "area": 18786, "iscrowd": 0, "ignore": 0, "image_id": 20180000057, "bbox": [129, 3, 101, 186], "category_id": 5, "id": 286}, {"segmentation": [[273, 17, 273, 182, 372, 182, 372, 17]], "area": 16335, "iscrowd": 0, "ignore": 0, "image_id": 20180000057, "bbox": [273, 17, 99, 165], "category_id": 10, "id": 287}, {"segmentation": [[376, 151, 376, 185, 404, 185, 404, 151]], "area": 952, "iscrowd": 0, "ignore": 0, "image_id": 20180000057, "bbox": [376, 151, 28, 34], "category_id": 3, "id": 288}, {"segmentation": [[399, 13, 399, 187, 497, 187, 497, 13]], "area": 17052, "iscrowd": 0, "ignore": 0, "image_id": 20180000057, "bbox": [399, 13, 98, 174], "category_id": 11, "id": 289}, {"segmentation": [[32, 21, 32, 200, 112, 200, 112, 21]], "area": 14320, "iscrowd": 0, "ignore": 0, "image_id": 20180000058, "bbox": [32, 21, 80, 179], "category_id": 9, "id": 290}, {"segmentation": [[147, 21, 147, 194, 241, 194, 241, 21]], "area": 16262, "iscrowd": 0, "ignore": 0, "image_id": 20180000058, "bbox": [147, 21, 94, 173], "category_id": 8, "id": 291}, {"segmentation": [[267, 19, 267, 195, 366, 195, 366, 19]], "area": 17424, "iscrowd": 0, "ignore": 0, "image_id": 20180000058, "bbox": [267, 19, 99, 176], "category_id": 8, "id": 292}, {"segmentation": [[399, 15, 399, 190, 487, 190, 487, 15]], "area": 15400, "iscrowd": 0, "ignore": 0, "image_id": 20180000058, "bbox": [399, 15, 88, 175], "category_id": 7, "id": 293}, {"segmentation": [[30, 22, 30, 195, 122, 195, 122, 22]], "area": 15916, "iscrowd": 0, "ignore": 0, "image_id": 20180000059, "bbox": [30, 22, 92, 173], "category_id": 9, "id": 294}, {"segmentation": [[146, 23, 146, 196, 231, 196, 231, 23]], "area": 14705, "iscrowd": 0, "ignore": 0, "image_id": 20180000059, "bbox": [146, 23, 85, 173], "category_id": 2, "id": 295}, {"segmentation": [[230, 22, 230, 193, 306, 193, 306, 22]], "area": 12996, "iscrowd": 0, "ignore": 0, "image_id": 20180000059, "bbox": [230, 22, 76, 171], "category_id": 8, "id": 296}, {"segmentation": [[301, 176, 301, 197, 330, 197, 330, 176]], "area": 609, "iscrowd": 0, "ignore": 0, "image_id": 20180000059, "bbox": [301, 176, 29, 21], "category_id": 3, "id": 297}, {"segmentation": [[330, 25, 330, 196, 412, 196, 412, 25]], "area": 14022, "iscrowd": 0, "ignore": 0, "image_id": 20180000059, "bbox": [330, 25, 82, 171], "category_id": 5, "id": 298}, {"segmentation": [[408, 19, 408, 196, 489, 196, 489, 19]], "area": 14337, "iscrowd": 0, "ignore": 0, "image_id": 20180000059, "bbox": [408, 19, 81, 177], "category_id": 9, "id": 299}, {"segmentation": [[12, 25, 12, 169, 59, 169, 59, 25]], "area": 6768, "iscrowd": 0, "ignore": 0, "image_id": 20180000060, "bbox": [12, 25, 47, 144], "category_id": 4, "id": 300}, {"segmentation": [[82, 14, 82, 178, 190, 178, 190, 14]], "area": 17712, "iscrowd": 0, "ignore": 0, "image_id": 20180000060, "bbox": [82, 14, 108, 164], "category_id": 6, "id": 301}, {"segmentation": [[187, 156, 187, 177, 218, 177, 218, 156]], "area": 651, "iscrowd": 0, "ignore": 0, "image_id": 20180000060, "bbox": [187, 156, 31, 21], "category_id": 3, "id": 302}, {"segmentation": [[217, 13, 217, 182, 343, 182, 343, 13]], "area": 21294, "iscrowd": 0, "ignore": 0, "image_id": 20180000060, "bbox": [217, 13, 126, 169], "category_id": 8, "id": 303}, {"segmentation": [[364, 12, 364, 184, 489, 184, 489, 12]], "area": 21500, "iscrowd": 0, "ignore": 0, "image_id": 20180000060, "bbox": [364, 12, 125, 172], "category_id": 8, "id": 304}, {"segmentation": [[20, 22, 20, 180, 114, 180, 114, 22]], "area": 14852, "iscrowd": 0, "ignore": 0, "image_id": 20180000061, "bbox": [20, 22, 94, 158], "category_id": 1, "id": 305}, {"segmentation": [[128, 21, 128, 178, 225, 178, 225, 21]], "area": 15229, "iscrowd": 0, "ignore": 0, "image_id": 20180000061, "bbox": [128, 21, 97, 157], "category_id": 9, "id": 306}, {"segmentation": [[219, 152, 219, 182, 253, 182, 253, 152]], "area": 1020, "iscrowd": 0, "ignore": 0, "image_id": 20180000061, "bbox": [219, 152, 34, 30], "category_id": 3, "id": 307}, {"segmentation": [[262, 22, 262, 180, 352, 180, 352, 22]], "area": 14220, "iscrowd": 0, "ignore": 0, "image_id": 20180000061, "bbox": [262, 22, 90, 158], "category_id": 7, "id": 308}, {"segmentation": [[364, 20, 364, 182, 469, 182, 469, 20]], "area": 17010, "iscrowd": 0, "ignore": 0, "image_id": 20180000061, "bbox": [364, 20, 105, 162], "category_id": 8, "id": 309}, {"segmentation": [[15, 14, 15, 182, 120, 182, 120, 14]], "area": 17640, "iscrowd": 0, "ignore": 0, "image_id": 20180000062, "bbox": [15, 14, 105, 168], "category_id": 1, "id": 310}, {"segmentation": [[125, 14, 125, 179, 227, 179, 227, 14]], "area": 16830, "iscrowd": 0, "ignore": 0, "image_id": 20180000062, "bbox": [125, 14, 102, 165], "category_id": 2, "id": 311}, {"segmentation": [[220, 162, 220, 186, 246, 186, 246, 162]], "area": 624, "iscrowd": 0, "ignore": 0, "image_id": 20180000062, "bbox": [220, 162, 26, 24], "category_id": 3, "id": 312}, {"segmentation": [[260, 16, 260, 179, 356, 179, 356, 16]], "area": 15648, "iscrowd": 0, "ignore": 0, "image_id": 20180000062, "bbox": [260, 16, 96, 163], "category_id": 7, "id": 313}, {"segmentation": [[432, 27, 432, 177, 478, 177, 478, 27]], "area": 6900, "iscrowd": 0, "ignore": 0, "image_id": 20180000062, "bbox": [432, 27, 46, 150], "category_id": 4, "id": 314}, {"segmentation": [[53, 13, 53, 187, 157, 187, 157, 13]], "area": 18096, "iscrowd": 0, "ignore": 0, "image_id": 20180000063, "bbox": [53, 13, 104, 174], "category_id": 1, "id": 315}, {"segmentation": [[166, 12, 166, 180, 258, 180, 258, 12]], "area": 15456, "iscrowd": 0, "ignore": 0, "image_id": 20180000063, "bbox": [166, 12, 92, 168], "category_id": 6, "id": 316}, {"segmentation": [[255, 149, 255, 180, 276, 180, 276, 149]], "area": 651, "iscrowd": 0, "ignore": 0, "image_id": 20180000063, "bbox": [255, 149, 21, 31], "category_id": 3, "id": 317}, {"segmentation": [[282, 14, 282, 184, 378, 184, 378, 14]], "area": 16320, "iscrowd": 0, "ignore": 0, "image_id": 20180000063, "bbox": [282, 14, 96, 170], "category_id": 6, "id": 318}, {"segmentation": [[389, 13, 389, 180, 489, 180, 489, 13]], "area": 16700, "iscrowd": 0, "ignore": 0, "image_id": 20180000063, "bbox": [389, 13, 100, 167], "category_id": 5, "id": 319}, {"segmentation": [[23, 17, 23, 195, 117, 195, 117, 17]], "area": 16732, "iscrowd": 0, "ignore": 0, "image_id": 20180000064, "bbox": [23, 17, 94, 178], "category_id": 9, "id": 320}, {"segmentation": [[122, 16, 122, 186, 208, 186, 208, 16]], "area": 14620, "iscrowd": 0, "ignore": 0, "image_id": 20180000064, "bbox": [122, 16, 86, 170], "category_id": 9, "id": 321}, {"segmentation": [[215, 16, 215, 190, 293, 190, 293, 16]], "area": 13572, "iscrowd": 0, "ignore": 0, "image_id": 20180000064, "bbox": [215, 16, 78, 174], "category_id": 11, "id": 322}, {"segmentation": [[289, 155, 289, 189, 305, 189, 305, 155]], "area": 544, "iscrowd": 0, "ignore": 0, "image_id": 20180000064, "bbox": [289, 155, 16, 34], "category_id": 3, "id": 323}, {"segmentation": [[305, 20, 305, 182, 390, 182, 390, 20]], "area": 13770, "iscrowd": 0, "ignore": 0, "image_id": 20180000064, "bbox": [305, 20, 85, 162], "category_id": 9, "id": 324}, {"segmentation": [[403, 13, 403, 187, 489, 187, 489, 13]], "area": 14964, "iscrowd": 0, "ignore": 0, "image_id": 20180000064, "bbox": [403, 13, 86, 174], "category_id": 1, "id": 325}, {"segmentation": [[42, 17, 42, 194, 130, 194, 130, 17]], "area": 15576, "iscrowd": 0, "ignore": 0, "image_id": 20180000065, "bbox": [42, 17, 88, 177], "category_id": 9, "id": 326}, {"segmentation": [[156, 20, 156, 194, 255, 194, 255, 20]], "area": 17226, "iscrowd": 0, "ignore": 0, "image_id": 20180000065, "bbox": [156, 20, 99, 174], "category_id": 5, "id": 327}, {"segmentation": [[282, 17, 282, 193, 379, 193, 379, 17]], "area": 17072, "iscrowd": 0, "ignore": 0, "image_id": 20180000065, "bbox": [282, 17, 97, 176], "category_id": 11, "id": 328}, {"segmentation": [[398, 16, 398, 197, 489, 197, 489, 16]], "area": 16471, "iscrowd": 0, "ignore": 0, "image_id": 20180000065, "bbox": [398, 16, 91, 181], "category_id": 6, "id": 329}, {"segmentation": [[52, 13, 52, 181, 187, 181, 187, 13]], "area": 22680, "iscrowd": 0, "ignore": 0, "image_id": 20180000066, "bbox": [52, 13, 135, 168], "category_id": 2, "id": 330}, {"segmentation": [[168, 164, 168, 183, 198, 183, 198, 164]], "area": 570, "iscrowd": 0, "ignore": 0, "image_id": 20180000066, "bbox": [168, 164, 30, 19], "category_id": 3, "id": 331}, {"segmentation": [[198, 16, 198, 186, 334, 186, 334, 16]], "area": 23120, "iscrowd": 0, "ignore": 0, "image_id": 20180000066, "bbox": [198, 16, 136, 170], "category_id": 2, "id": 332}, {"segmentation": [[345, 16, 345, 192, 478, 192, 478, 16]], "area": 23408, "iscrowd": 0, "ignore": 0, "image_id": 20180000066, "bbox": [345, 16, 133, 176], "category_id": 2, "id": 333}, {"segmentation": [[22, 21, 22, 196, 79, 196, 79, 21]], "area": 9975, "iscrowd": 0, "ignore": 0, "image_id": 20180000067, "bbox": [22, 21, 57, 175], "category_id": 4, "id": 334}, {"segmentation": [[77, 21, 77, 195, 171, 195, 171, 21]], "area": 16356, "iscrowd": 0, "ignore": 0, "image_id": 20180000067, "bbox": [77, 21, 94, 174], "category_id": 2, "id": 335}, {"segmentation": [[186, 18, 186, 193, 270, 193, 270, 18]], "area": 14700, "iscrowd": 0, "ignore": 0, "image_id": 20180000067, "bbox": [186, 18, 84, 175], "category_id": 1, "id": 336}, {"segmentation": [[261, 163, 261, 197, 290, 197, 290, 163]], "area": 986, "iscrowd": 0, "ignore": 0, "image_id": 20180000067, "bbox": [261, 163, 29, 34], "category_id": 3, "id": 337}, {"segmentation": [[294, 21, 294, 200, 382, 200, 382, 21]], "area": 15752, "iscrowd": 0, "ignore": 0, "image_id": 20180000067, "bbox": [294, 21, 88, 179], "category_id": 10, "id": 338}, {"segmentation": [[395, 11, 395, 200, 488, 200, 488, 11]], "area": 17577, "iscrowd": 0, "ignore": 0, "image_id": 20180000067, "bbox": [395, 11, 93, 189], "category_id": 11, "id": 339}, {"segmentation": [[74, 11, 74, 180, 116, 180, 116, 11]], "area": 7098, "iscrowd": 0, "ignore": 0, "image_id": 20180000068, "bbox": [74, 11, 42, 169], "category_id": 4, "id": 340}, {"segmentation": [[145, 6, 145, 178, 232, 178, 232, 6]], "area": 14964, "iscrowd": 0, "ignore": 0, "image_id": 20180000068, "bbox": [145, 6, 87, 172], "category_id": 7, "id": 341}, {"segmentation": [[227, 165, 227, 191, 255, 191, 255, 165]], "area": 728, "iscrowd": 0, "ignore": 0, "image_id": 20180000068, "bbox": [227, 165, 28, 26], "category_id": 3, "id": 342}, {"segmentation": [[256, 3, 256, 189, 367, 189, 367, 3]], "area": 20646, "iscrowd": 0, "ignore": 0, "image_id": 20180000068, "bbox": [256, 3, 111, 186], "category_id": 6, "id": 343}, {"segmentation": [[392, 4, 392, 190, 489, 190, 489, 4]], "area": 18042, "iscrowd": 0, "ignore": 0, "image_id": 20180000068, "bbox": [392, 4, 97, 186], "category_id": 1, "id": 344}, {"segmentation": [[15, 14, 15, 187, 90, 187, 90, 14]], "area": 12975, "iscrowd": 0, "ignore": 0, "image_id": 20180000069, "bbox": [15, 14, 75, 173], "category_id": 11, "id": 345}, {"segmentation": [[116, 18, 116, 185, 201, 185, 201, 18]], "area": 14195, "iscrowd": 0, "ignore": 0, "image_id": 20180000069, "bbox": [116, 18, 85, 167], "category_id": 9, "id": 346}, {"segmentation": [[258, 21, 258, 178, 296, 178, 296, 21]], "area": 5966, "iscrowd": 0, "ignore": 0, "image_id": 20180000069, "bbox": [258, 21, 38, 157], "category_id": 4, "id": 347}, {"segmentation": [[296, 158, 296, 186, 318, 186, 318, 158]], "area": 616, "iscrowd": 0, "ignore": 0, "image_id": 20180000069, "bbox": [296, 158, 22, 28], "category_id": 3, "id": 348}, {"segmentation": [[319, 21, 319, 183, 397, 183, 397, 21]], "area": 12636, "iscrowd": 0, "ignore": 0, "image_id": 20180000069, "bbox": [319, 21, 78, 162], "category_id": 9, "id": 349}, {"segmentation": [[427, 18, 427, 179, 499, 179, 499, 18]], "area": 11592, "iscrowd": 0, "ignore": 0, "image_id": 20180000069, "bbox": [427, 18, 72, 161], "category_id": 7, "id": 350}, {"segmentation": [[39, 6, 39, 191, 136, 191, 136, 6]], "area": 17945, "iscrowd": 0, "ignore": 0, "image_id": 20180000070, "bbox": [39, 6, 97, 185], "category_id": 1, "id": 351}, {"segmentation": [[152, 2, 152, 191, 252, 191, 252, 2]], "area": 18900, "iscrowd": 0, "ignore": 0, "image_id": 20180000070, "bbox": [152, 2, 100, 189], "category_id": 9, "id": 352}, {"segmentation": [[248, 160, 248, 194, 268, 194, 268, 160]], "area": 680, "iscrowd": 0, "ignore": 0, "image_id": 20180000070, "bbox": [248, 160, 20, 34], "category_id": 3, "id": 353}, {"segmentation": [[269, 4, 269, 188, 373, 188, 373, 4]], "area": 19136, "iscrowd": 0, "ignore": 0, "image_id": 20180000070, "bbox": [269, 4, 104, 184], "category_id": 8, "id": 354}, {"segmentation": [[390, 7, 390, 190, 497, 190, 497, 7]], "area": 19581, "iscrowd": 0, "ignore": 0, "image_id": 20180000070, "bbox": [390, 7, 107, 183], "category_id": 5, "id": 355}], "categories": [{"supercategory": "none", "id": 1, "name": "3"}, {"supercategory": "none", "id": 2, "name": "0"}, {"supercategory": "none", "id": 3, "name": "."}, {"supercategory": "none", "id": 4, "name": "1"}, {"supercategory": "none", "id": 5, "name": "9"}, {"supercategory": "none", "id": 6, "name": "5"}, {"supercategory": "none", "id": 7, "name": "7"}, {"supercategory": "none", "id": 8, "name": "8"}, {"supercategory": "none", "id": 9, "name": "2"}, {"supercategory": "none", "id": 10, "name": "4"}, {"supercategory": "none", "id": 11, "name": "6"}]}